"Austria: MCMC-Zerlegung der Bevölkerungssterblichkeit, Daten: Statistik Austria seit 1947, Berechnungen: Dr. Jonas Hirz, Dokumentation: vgl. Dokumentation der Pensionstafel AVÖ 2018-P"
,,,,,,,,,,,,,
,MCMC-Parameter,,Parameter alpha,Parameter beta,"Parameter beta, Lee-Carter",Parameter zeta,Parameter eta,Parameter beta; Vergleich MCMC vs. Lee-Carter,,,,,
,Geschlecht,Mann,Mann,Mann,Mann,Frau,Frau,Frau,Frau,Unisex,Unisex,Unisex,Unisex
,Trend seit ,1970,1980,1990,2000,1970,1980,1990,2000,1970,1980,1990,2000
Parameter,Alter,"Mann, 1970","Mann, 1980","Mann, 1990","Mann, 2000","Frau, 1970","Frau, 1980","Frau, 1990","Frau, 2000","Unisex, 1970","Unisex, 1980","Unisex, 1990","Unisex, 2000"
alpha,0,-4.947904314,-4.863377128,-4.807396264,-4.784564815,-5.128678969,-5.034214645,-4.997887229,-5.000638783,-5.031269456,-4.942739535,-4.894530664,-4.883256981
alpha,1,-7.350640635,-7.323118375,-7.297813084,-7.330481498,-7.540261984,-7.476157707,-7.481625507,-7.4451119,-7.439729029,-7.394954742,-7.378295411,-7.381422274
alpha,2,-7.753384727,-7.701683057,-7.648882933,-7.642362084,-7.94237942,-7.853036841,-7.865573241,-7.817368254,-7.867282892,-7.801045793,-7.782690136,-7.772719102
alpha,3,-8.011269125,-7.965943363,-7.902929146,-7.884005339,-8.214002318,-8.122940961,-8.135354174,-8.092408879,-8.13373311,-8.071030639,-8.045577726,-8.051755455
alpha,4,-8.180261309,-8.143321443,-8.095452645,-8.078712995,-8.413398947,-8.347711773,-8.354853925,-8.281848979,-8.318669518,-8.272517852,-8.25486804,-8.253145122
alpha,5,-8.291382587,-8.27938103,-8.267497995,-8.231969273,-8.528039357,-8.486502717,-8.493902858,-8.414986776,-8.429290009,-8.404828006,-8.413451752,-8.399930073
alpha,6,-8.361135324,-8.387529938,-8.384364804,-8.328783246,-8.59722068,-8.568569335,-8.599653904,-8.50859812,-8.491370494,-8.497010379,-8.527939013,-8.493989131
alpha,7,-8.405141868,-8.441032117,-8.453958889,-8.378465335,-8.672437696,-8.63749114,-8.663717029,-8.564260981,-8.549489553,-8.55357533,-8.593327872,-8.541133756
alpha,8,-8.429580696,-8.470579943,-8.48791382,-8.38732682,-8.72511239,-8.683203001,-8.690538574,-8.598112834,-8.583942499,-8.588611948,-8.621449928,-8.55796065
alpha,9,-8.461215856,-8.503966872,-8.490651772,-8.377412157,-8.748856527,-8.693849972,-8.69117988,-8.590077603,-8.614490977,-8.615315732,-8.622320412,-8.544125878
alpha,10,-8.453846334,-8.474013989,-8.46169405,-8.33773677,-8.747569208,-8.706224903,-8.692511418,-8.576518244,-8.609122778,-8.607821995,-8.618836317,-8.523568141
alpha,11,-8.43669769,-8.445448042,-8.39844528,-8.279642399,-8.716238576,-8.68066478,-8.642383404,-8.511655937,-8.595120987,-8.596383966,-8.56699773,-8.464991352
alpha,12,-8.335176615,-8.334732774,-8.29024631,-8.189706575,-8.623148408,-8.583755935,-8.538895241,-8.411119794,-8.491684883,-8.483014725,-8.458179995,-8.371563875
alpha,13,-8.147455076,-8.159182862,-8.124342803,-8.022866388,-8.499923623,-8.455526548,-8.400712689,-8.280046191,-8.324579316,-8.32279994,-8.296882639,-8.207183021
alpha,14,-7.955075027,-7.956707187,-7.901626881,-7.792779316,-8.297802157,-8.263986966,-8.230709737,-8.11905964,-8.129862066,-8.124023085,-8.089728925,-7.983827289
alpha,15,-7.590464988,-7.600413267,-7.552610061,-7.448227456,-8.056577761,-8.035106352,-8.031421766,-7.954185446,-7.797806388,-7.797274171,-7.77298922,-7.671378453
alpha,16,-7.051051073,-7.112841011,-7.144259632,-7.10770799,-7.787535672,-7.784017799,-7.802896766,-7.774021829,-7.313370634,-7.350041647,-7.386919639,-7.352419146
alpha,17,-6.788798487,-6.809672404,-6.826656618,-6.826632901,-7.693380863,-7.717846088,-7.6894076,-7.651360903,-7.117566071,-7.139495283,-7.142205249,-7.120204847
alpha,18,-6.439302561,-6.458911644,-6.485212778,-6.541648604,-7.626532563,-7.640557226,-7.612836806,-7.58802948,-6.832798428,-6.849012079,-6.864469479,-6.893747622
alpha,19,-6.359206926,-6.382675598,-6.377077995,-6.448071488,-7.579473154,-7.59449578,-7.584377309,-7.556672841,-6.762600316,-6.783709115,-6.784775739,-6.82772022
alpha,20,-6.401268965,-6.42009549,-6.401366267,-6.434932701,-7.609099247,-7.612597253,-7.576366484,-7.543323888,-6.810169911,-6.825760053,-6.807395786,-6.822395692
alpha,21,-6.391282083,-6.431778934,-6.401509741,-6.422096222,-7.63674302,-7.636994508,-7.615454735,-7.55933528,-6.80964938,-6.843325859,-6.823442258,-6.822073106
alpha,22,-6.433872112,-6.468971871,-6.461946243,-6.455410017,-7.648198801,-7.636072331,-7.634373693,-7.573719526,-6.847920237,-6.87175229,-6.876105374,-6.853255001
alpha,23,-6.460234899,-6.485395775,-6.483250486,-6.475047713,-7.662548195,-7.656580999,-7.662710176,-7.622669522,-6.875494542,-6.892818287,-6.903711282,-6.893699032
alpha,24,-6.488230806,-6.518502923,-6.502632782,-6.49680598,-7.647456347,-7.658284867,-7.651826485,-7.63485525,-6.893147684,-6.918540903,-6.911361422,-6.916654605
alpha,25,-6.527363713,-6.563963145,-6.542422476,-6.509933744,-7.644598432,-7.666230417,-7.651643251,-7.605032765,-6.927847847,-6.962270115,-6.949020619,-6.915864258
alpha,26,-6.516888246,-6.544552002,-6.542667677,-6.511512849,-7.606758932,-7.611019236,-7.593400481,-7.546476622,-6.908317732,-6.92648765,-6.925079132,-6.889686619
alpha,27,-6.515984556,-6.553236858,-6.578714756,-6.545630486,-7.563510498,-7.591413098,-7.573396159,-7.536465814,-6.901526741,-6.937215661,-6.957966029,-6.926116065
alpha,28,-6.505187479,-6.542957904,-6.555316075,-6.537485944,-7.48852706,-7.505302495,-7.501520969,-7.487456887,-6.87149824,-6.901292858,-6.912173062,-6.900645808
alpha,29,-6.503934882,-6.540529009,-6.554774189,-6.535814783,-7.453876486,-7.463831262,-7.456706343,-7.449361167,-6.866006384,-6.892630234,-6.903130639,-6.891059738
alpha,30,-6.491091921,-6.529932308,-6.546439021,-6.535142132,-7.39938193,-7.421921179,-7.416132537,-7.415667665,-6.844292812,-6.876797643,-6.890620455,-6.888662908
alpha,31,-6.450212139,-6.475142576,-6.496384706,-6.488451059,-7.317591883,-7.354431425,-7.346987949,-7.362449255,-6.790930859,-6.818333497,-6.833922341,-6.841342834
alpha,32,-6.409458215,-6.441851826,-6.452812965,-6.452951172,-7.236795129,-7.257519695,-7.245145809,-7.266411702,-6.740368589,-6.767823234,-6.770143569,-6.784187488
alpha,33,-6.350260577,-6.396896658,-6.403618142,-6.40473276,-7.125337551,-7.136741275,-7.149331648,-7.156237893,-6.662255138,-6.695858885,-6.704592695,-6.711507264
alpha,34,-6.305601593,-6.342520754,-6.343666246,-6.327961391,-7.04604116,-7.073237681,-7.082601031,-7.066013228,-6.60792986,-6.642196356,-6.644860999,-6.626793277
alpha,35,-6.238286229,-6.26159904,-6.266227473,-6.27651117,-6.986822183,-7.007304915,-7.028283901,-7.004805986,-6.54544242,-6.569181679,-6.579604702,-6.580723026
alpha,36,-6.181789724,-6.208902984,-6.208752495,-6.238937986,-6.867598693,-6.87336664,-6.898297307,-6.893673756,-6.46636843,-6.486986704,-6.493863403,-6.512840951
alpha,37,-6.102816125,-6.123995739,-6.141356196,-6.142202339,-6.781031764,-6.792913224,-6.807651617,-6.834844329,-6.387165723,-6.406404196,-6.420919731,-6.431179561
alpha,38,-5.998757373,-6.030994952,-6.046113885,-6.051768247,-6.704942161,-6.722571804,-6.742333257,-6.766426301,-6.294229979,-6.322447924,-6.339525913,-6.350497675
alpha,39,-5.916516193,-5.944590731,-5.94375417,-5.947363511,-6.603522798,-6.626319724,-6.64070222,-6.665377488,-6.205557123,-6.231432902,-6.2345786,-6.241717902
alpha,40,-5.845802048,-5.867758653,-5.881871858,-5.894697901,-6.508334171,-6.540256724,-6.544702259,-6.563326811,-6.127694275,-6.153710268,-6.165345188,-6.17692
alpha,41,-5.733695198,-5.757675018,-5.781387427,-5.797599377,-6.406247014,-6.432537363,-6.427617803,-6.432266224,-6.016703686,-6.042523062,-6.05804706,-6.063710699
alpha,42,-5.640054975,-5.667341765,-5.657979626,-5.69294787,-6.29023864,-6.303560098,-6.302707485,-6.325579673,-5.913390647,-5.937809844,-5.932374751,-5.958751433
alpha,43,-5.541584453,-5.574839871,-5.583036791,-5.596822721,-6.178472718,-6.186370629,-6.181993829,-6.21168342,-5.809293742,-5.837266348,-5.843081801,-5.855520329
alpha,44,-5.455137622,-5.48379907,-5.4963643,-5.517623759,-6.06316808,-6.067469324,-6.0706406,-6.090614786,-5.711981891,-5.736381617,-5.74784233,-5.76050262
alpha,45,-5.347366555,-5.367742475,-5.364940316,-5.391984189,-5.970066543,-5.971356016,-5.96830288,-6.013585103,-5.607565063,-5.626610913,-5.62475265,-5.654266108
alpha,46,-5.228036972,-5.256966362,-5.2500973,-5.238038135,-5.873791561,-5.880032087,-5.882482107,-5.914850205,-5.495547389,-5.521297827,-5.520656262,-5.516063456
alpha,47,-5.135638061,-5.159782976,-5.153438347,-5.168254711,-5.775615901,-5.789444411,-5.778856614,-5.801630408,-5.400828184,-5.42597245,-5.420941605,-5.433824901
alpha,48,-5.029175415,-5.055032253,-5.048994085,-5.065529981,-5.675189919,-5.681284686,-5.657033379,-5.673272025,-5.294810018,-5.318483332,-5.308158832,-5.319985175
alpha,49,-4.918675711,-4.944900599,-4.942920442,-4.944720359,-5.568529452,-5.5801418,-5.580469066,-5.582129576,-5.185718598,-5.211061743,-5.213838105,-5.209953565
alpha,50,-4.829653841,-4.852135174,-4.849205386,-4.856082454,-5.467535327,-5.473326253,-5.464252156,-5.488908927,-5.092565967,-5.11402087,-5.110469273,-5.121718033
alpha,51,-4.724672305,-4.746220105,-4.745899909,-4.742253776,-5.396765014,-5.394956841,-5.397129935,-5.395440167,-5.000141941,-5.017769324,-5.02137332,-5.015282364
alpha,52,-4.621095199,-4.64372994,-4.640604092,-4.642399767,-5.296934668,-5.305973092,-5.300353339,-5.292002954,-4.898442649,-4.919368523,-4.918261195,-4.914358631
alpha,53,-4.51581887,-4.533624169,-4.533589967,-4.522968727,-5.206642321,-5.210095267,-5.200148471,-5.20610979,-4.797767872,-4.81374108,-4.813285121,-4.807522891
alpha,54,-4.390000888,-4.409539915,-4.413489601,-4.392289723,-5.137274282,-5.135989086,-5.13276092,-5.130322981,-4.692049874,-4.707019817,-4.711275176,-4.694681318
alpha,55,-4.323865544,-4.346458813,-4.345686734,-4.346760092,-5.03857673,-5.041200296,-5.037746303,-5.046876283,-4.617139468,-4.635228428,-4.635573063,-4.640231703
alpha,56,-4.228393687,-4.248289495,-4.252273487,-4.236462019,-4.952595282,-4.955307633,-4.949492453,-4.931606529,-4.525650889,-4.541616502,-4.544334689,-4.527404808
alpha,57,-4.119984397,-4.137251874,-4.141078814,-4.131051965,-4.872792105,-4.870247688,-4.866453428,-4.855757315,-4.428591523,-4.44015476,-4.443217998,-4.434543544
alpha,58,-4.036222178,-4.056367111,-4.052943015,-4.04153451,-4.768041468,-4.768649096,-4.761280159,-4.757229553,-4.339225532,-4.352930196,-4.349616701,-4.342418276
alpha,59,-3.961399116,-3.980044611,-3.984589943,-3.969203585,-4.704657744,-4.700979947,-4.69964086,-4.694134742,-4.270686513,-4.281536162,-4.285767768,-4.276684605
alpha,60,-3.853534432,-3.866911122,-3.868829138,-3.88584922,-4.598796605,-4.596710258,-4.597418889,-4.58048742,-4.16528504,-4.172414902,-4.174125673,-4.182749108
alpha,61,-3.754905066,-3.768525265,-3.771720475,-3.78585746,-4.515435624,-4.512692465,-4.513254141,-4.501948211,-4.074898032,-4.080798984,-4.082943356,-4.091217332
alpha,62,-3.679262343,-3.686369709,-3.682859773,-3.703663438,-4.44439086,-4.440129273,-4.432584634,-4.443408136,-4.003557701,-4.004318882,-3.998262749,-4.019564891
alpha,63,-3.595302808,-3.604714795,-3.608954344,-3.615158354,-4.343117935,-4.333572799,-4.334561895,-4.352353013,-3.916477316,-3.916158395,-3.917883711,-3.930623817
alpha,64,-3.517359364,-3.522500863,-3.526735028,-3.549316,-4.253129663,-4.245261043,-4.248591845,-4.272068135,-3.83862557,-3.834893979,-3.837245526,-3.86196089
alpha,65,-3.427838038,-3.430855011,-3.431604755,-3.458875251,-4.170813699,-4.166362884,-4.157496425,-4.175324265,-3.75484802,-3.749592252,-3.746493762,-3.769997509
alpha,66,-3.33729634,-3.339838097,-3.333814236,-3.356970251,-4.077043439,-4.072108889,-4.068940493,-4.104971518,-3.667499638,-3.661142845,-3.655760398,-3.682243633
alpha,67,-3.260812057,-3.264302288,-3.270348144,-3.293831301,-3.985500513,-3.981192582,-3.978721451,-3.995081846,-3.589859483,-3.58393776,-3.585982391,-3.604815724
alpha,68,-3.174542403,-3.174393017,-3.177594625,-3.199477433,-3.891226778,-3.882730677,-3.879225432,-3.906455545,-3.503784869,-3.494344016,-3.49425789,-3.515342134
alpha,69,-3.095664647,-3.099499141,-3.099490871,-3.123839496,-3.795044804,-3.790897093,-3.787504822,-3.815397391,-3.423301116,-3.417273953,-3.415352636,-3.437106982
alpha,70,-3.011741924,-3.013135836,-3.011647365,-3.029144638,-3.702628901,-3.697665405,-3.689823428,-3.707684523,-3.338705568,-3.332096498,-3.327688168,-3.33983437
alpha,71,-2.92136409,-2.925243185,-2.926223569,-2.944563347,-3.589469879,-3.589080335,-3.584677637,-3.610993896,-3.245603792,-3.241700307,-3.238642018,-3.254287461
alpha,72,-2.844891799,-2.849317918,-2.855299003,-2.862802562,-3.486192269,-3.483190047,-3.484594755,-3.50900023,-3.162482352,-3.159066563,-3.160489002,-3.168405019
alpha,73,-2.738943545,-2.744957236,-2.741741657,-2.747152998,-3.382705058,-3.386030188,-3.382149343,-3.400235906,-3.060649021,-3.060934006,-3.055785284,-3.059601315
alpha,74,-2.65025955,-2.656798444,-2.657566563,-2.665242016,-3.258952011,-3.26404822,-3.258316334,-3.272068042,-2.961595814,-2.963507906,-2.959591441,-2.964203028
alpha,75,-2.550848802,-2.559617884,-2.557716888,-2.572512362,-3.142666574,-3.149324674,-3.146282795,-3.158585762,-2.859740003,-2.864415833,-2.860160382,-2.869198685
alpha,76,-2.444172221,-2.453954303,-2.451203188,-2.454518926,-3.00706459,-3.017449895,-3.014521785,-3.019308902,-2.743753794,-2.751045557,-2.746965184,-2.748132965
alpha,77,-2.329563494,-2.341973349,-2.342986572,-2.341171397,-2.878966614,-2.889358821,-2.884712096,-2.885553997,-2.627491148,-2.636865785,-2.633155501,-2.632042922
alpha,78,-2.230962349,-2.243291911,-2.241600917,-2.243074651,-2.755352494,-2.76763021,-2.76317408,-2.769982256,-2.522296022,-2.53317055,-2.528020839,-2.532517671
alpha,79,-2.132817881,-2.147817533,-2.147838886,-2.157192822,-2.621853673,-2.635331758,-2.637561864,-2.636674375,-2.413119692,-2.425575042,-2.424184963,-2.429670556
alpha,80,-1.997116681,-2.012243112,-2.01212742,-2.011270194,-2.457629776,-2.470441704,-2.466601923,-2.471799255,-2.266559957,-2.278607299,-2.274708621,-2.278843285
alpha,81,-1.889004735,-1.901046275,-1.904819638,-1.904264539,-2.31884895,-2.331514651,-2.329955634,-2.333436351,-2.146414309,-2.157955431,-2.156562745,-2.160756416
alpha,82,-1.765524268,-1.780169036,-1.776470073,-1.774584288,-2.170830382,-2.183062244,-2.180346582,-2.181704608,-2.013326598,-2.024419432,-2.021061586,-2.023915783
alpha,83,-1.657480468,-1.66826936,-1.668324332,-1.67149283,-2.032122265,-2.042447076,-2.043052828,-2.044467684,-1.892366994,-1.90183331,-1.901337605,-1.90620427
alpha,84,-1.549039812,-1.559884759,-1.560846741,-1.569023566,-1.890032346,-1.899331032,-1.89775281,-1.899505397,-1.768958635,-1.777584398,-1.77627429,-1.78299311
alpha,85,-1.430315814,-1.43865351,-1.439695698,-1.440329388,-1.739814035,-1.747201129,-1.744871941,-1.738600305,-1.633203012,-1.640349417,-1.638840031,-1.637789364
alpha,86,-1.316908886,-1.325235465,-1.327674196,-1.328612529,-1.600255673,-1.607339801,-1.607006695,-1.606210057,-1.507661784,-1.514043201,-1.514301891,-1.516778292
alpha,87,-1.199414435,-1.204288926,-1.204288201,-1.208004027,-1.472210702,-1.478604816,-1.479580348,-1.476912428,-1.386129273,-1.391694644,-1.392077002,-1.393698636
alpha,88,-1.10294904,-1.109459698,-1.108007125,-1.109461701,-1.338314703,-1.342842891,-1.343599456,-1.349300605,-1.268754183,-1.272783228,-1.272799384,-1.278878632
alpha,89,-0.9900787984,-0.9928039483,-0.9950916017,-0.9958563539,-1.213382537,-1.217245481,-1.216222118,-1.215220153,-1.150144676,-1.15330926,-1.152996361,-1.153866643
alpha,90,-0.8805560408,-0.8835428285,-0.8834164548,-0.8841837114,-1.081364395,-1.083388919,-1.082552552,-1.081206773,-1.027493585,-1.029269705,-1.028611196,-1.028677891
alpha,91,-0.7846770047,-0.7897132543,-0.7886887741,-0.7855053097,-0.9669600376,-0.9704411061,-0.9705244619,-0.9635976466,-0.9209602732,-0.9237150312,-0.9236174152,-0.9185686999
alpha,92,-0.6873799065,-0.6909952147,-0.6919710071,-0.6840988622,-0.8533142329,-0.8547212763,-0.8539298845,-0.8511546677,-0.8132258212,-0.8143794693,-0.8140644936,-0.8108328776
alpha,93,-0.5798133413,-0.5809133094,-0.5716689127,-0.5650318718,-0.7489531325,-0.7509732263,-0.7497883338,-0.7409110924,-0.7081497028,-0.7097248779,-0.7070604955,-0.6994333444
alpha,94,-0.4973702182,-0.5013792513,-0.5077514633,-0.4950298171,-0.6568927813,-0.6586171426,-0.6612782058,-0.6525233441,-0.6216615581,-0.6235024198,-0.626666658,-0.6176147405
alpha,95,-0.4364282574,-0.4354018033,-0.4339951917,-0.4219835458,-0.5354368417,-0.5358447074,-0.5361057057,-0.5299289155,-0.5146293774,-0.5143775966,-0.5141639098,-0.507907342
alpha,96,-0.3187393828,-0.3172576612,-0.3180213189,-0.305657533,-0.4508897419,-0.4550173029,-0.453010075,-0.4398942091,-0.4228760133,-0.4255245442,-0.4238878177,-0.4119646114
alpha,97,-0.2287715366,-0.2344343288,-0.2391949068,-0.2364147261,-0.376608426,-0.3797241723,-0.3797449838,-0.3630450262,-0.3460510362,-0.3498114091,-0.3510034019,-0.3390058518
alpha,98,-0.1670849314,-0.1607536182,-0.1583631731,-0.1417284523,-0.2800032867,-0.2773830068,-0.274105256,-0.2629157269,-0.2543381068,-0.2525725978,-0.2497643972,-0.2362777316
beta,0,-0.05606361637,-0.04863989756,-0.03639989484,-0.03301908398,-0.05280349064,-0.044006161,-0.03483643326,-0.02573016872,-0.05462641097,-0.04662130334,-0.03558705175,-0.02864197506
beta,1,-0.04554364765,-0.04217576524,-0.03547829219,-0.02768207964,-0.04418541764,-0.0376622258,-0.04055278671,-0.0499686895,-0.04501562793,-0.04024469745,-0.03729464486,-0.0385583811
beta,2,-0.04435640778,-0.04133510256,-0.03525578068,-0.0253968293,-0.04267394792,-0.03681380931,-0.03963358044,-0.04772897169,-0.04384260679,-0.03951642766,-0.03684995869,-0.03571567461
beta,3,-0.04346605402,-0.04060985013,-0.0352048428,-0.02349053178,-0.04129121161,-0.03599260102,-0.03876927158,-0.0456746891,-0.04291466847,-0.03884646565,-0.03648982404,-0.03305446721
beta,4,-0.04272036932,-0.04000782299,-0.03513680071,-0.02157975191,-0.03999889851,-0.03518884395,-0.03791110187,-0.04364630851,-0.04207753348,-0.03819813803,-0.03609533321,-0.03038197358
beta,5,-0.04206413067,-0.03945348333,-0.03505896991,-0.01975427231,-0.03876072409,-0.03445491735,-0.03715093901,-0.04198936014,-0.0413226548,-0.03760357029,-0.03575342461,-0.02773371259
beta,6,-0.04142639207,-0.03887420056,-0.03496311476,-0.01794390498,-0.03758814494,-0.03381169019,-0.0363972483,-0.04036257031,-0.04054767994,-0.03701309866,-0.03541585858,-0.02511909184
beta,7,-0.0406670371,-0.03830749094,-0.03487787573,-0.01613563184,-0.03636820696,-0.03314836671,-0.03569029962,-0.03875259997,-0.03961336224,-0.03637867554,-0.03510147325,-0.02252712822
beta,8,-0.03982641351,-0.03772138857,-0.03479990493,-0.01434947651,-0.0351557649,-0.03250117234,-0.03502131278,-0.03719869756,-0.03855320567,-0.03571229751,-0.03482028376,-0.01993762612
beta,9,-0.03886157889,-0.03711063489,-0.03474949912,-0.01256751676,-0.03398696139,-0.03188339332,-0.03436884246,-0.03567460855,-0.03740162087,-0.0350192392,-0.03458744392,-0.01738246255
beta,10,-0.03788393179,-0.03660358215,-0.03474079313,-0.01081731842,-0.0329414211,-0.03129713625,-0.03372797613,-0.03416466168,-0.03632613884,-0.03441530273,-0.03439638659,-0.01483614519
beta,11,-0.03688414168,-0.03607659008,-0.03476836013,-0.009065030256,-0.03192824493,-0.03071098873,-0.03309578989,-0.03266716567,-0.035169895,-0.03378163566,-0.03424624637,-0.01228657223
beta,12,-0.03600022038,-0.03569635837,-0.03481711135,-0.01046995023,-0.0310028301,-0.03019687611,-0.03252305186,-0.03121195376,-0.0341692548,-0.03333927296,-0.03409460502,-0.009827744678
beta,13,-0.0352130854,-0.03537527418,-0.03489896336,-0.01185229703,-0.03017273716,-0.02974717844,-0.03208384926,-0.02977458787,-0.03328622123,-0.03296931559,-0.03397269656,-0.01137214488
beta,14,-0.03436084177,-0.03505204517,-0.03501197686,-0.01321928638,-0.02953266185,-0.02939615681,-0.03166647163,-0.02837331809,-0.03242417057,-0.03262516169,-0.03387728551,-0.01290569026
beta,15,-0.03372709631,-0.03489501745,-0.03517312371,-0.01457133026,-0.02898563129,-0.02913396465,-0.03127614643,-0.02697098725,-0.03177071067,-0.03245406437,-0.03388530547,-0.01440200266
beta,16,-0.03347251849,-0.03501875657,-0.03542773484,-0.01591252683,-0.0285406642,-0.02890586451,-0.03093680314,-0.02558903364,-0.03149596123,-0.03254390086,-0.03403357298,-0.01582298194
beta,17,-0.03262372953,-0.03491139449,-0.03566102435,-0.01719603663,-0.02797475098,-0.02849733416,-0.030583214,-0.02431387602,-0.03074338603,-0.03237386563,-0.03416226334,-0.01720204706
beta,18,-0.0318651705,-0.03473057848,-0.03586318397,-0.0183896875,-0.02744705617,-0.02820804798,-0.03023133794,-0.02303026269,-0.03007306504,-0.03228046399,-0.03428662108,-0.01845688711
beta,19,-0.03076555363,-0.03412806992,-0.03582188026,-0.01941493349,-0.02695486558,-0.02796612551,-0.02984532624,-0.0217356994,-0.02913822491,-0.0318077961,-0.03415550642,-0.01949017247
beta,20,-0.0296405645,-0.0334649557,-0.03561363927,-0.02034227121,-0.02637494105,-0.02766847712,-0.02946202958,-0.0204281707,-0.02810915333,-0.03120853568,-0.03385078373,-0.02040363551
beta,21,-0.02876443816,-0.03286992131,-0.03537762907,-0.02118769952,-0.02598960033,-0.02749062587,-0.02910445683,-0.01917066788,-0.02741677335,-0.0307406478,-0.03353939865,-0.02124771288
beta,22,-0.02795030382,-0.03239694257,-0.03506156307,-0.02190484906,-0.02571502638,-0.02738748694,-0.02880816817,-0.01792169434,-0.0268043052,-0.0304130028,-0.0331966175,-0.02197579493
beta,23,-0.027203861,-0.03194259788,-0.0347491494,-0.0225118046,-0.02557801376,-0.02731618395,-0.02857441768,-0.01668433178,-0.02630818196,-0.03013606206,-0.03290434056,-0.02258560593
beta,24,-0.02665011075,-0.03152578442,-0.03445486497,-0.02305407557,-0.02545842002,-0.0271952655,-0.02833851,-0.01545973318,-0.0259537931,-0.02980494691,-0.03262501269,-0.02311163843
beta,25,-0.02626459583,-0.03117770106,-0.03414834521,-0.02354362315,-0.0252988116,-0.02704787802,-0.02805990631,-0.01423447606,-0.02569274661,-0.02948976348,-0.03227975033,-0.0235704437
beta,26,-0.02609579425,-0.03104666914,-0.03387427294,-0.02395727694,-0.02516806685,-0.02698279362,-0.02788946308,-0.01307268116,-0.02555063118,-0.02941053902,-0.03203520532,-0.02393335876
beta,27,-0.0261508612,-0.03101044324,-0.03363189774,-0.02431340031,-0.02522992862,-0.02699269513,-0.02775637113,-0.01187856723,-0.02577125511,-0.02950117626,-0.03189346562,-0.02425073134
beta,28,-0.02608468184,-0.03085993593,-0.03339346771,-0.02456410068,-0.02525350956,-0.02708450467,-0.02766120223,-0.0106893349,-0.02579301818,-0.02948955863,-0.03176893434,-0.02447408219
beta,29,-0.0261074237,-0.03079210044,-0.03321363199,-0.02481863838,-0.02527381,-0.02717098588,-0.02759974528,-0.009589322395,-0.02589144976,-0.02954915361,-0.03170838416,-0.02470039895
beta,30,-0.02615648681,-0.03073648346,-0.03308787311,-0.02507629768,-0.02535506169,-0.02729017213,-0.02754617934,-0.008518425513,-0.02605144613,-0.02964884862,-0.03168965642,-0.02491591181
beta,31,-0.02613844764,-0.03064888854,-0.0329696042,-0.02530174396,-0.02545399122,-0.02744149218,-0.02753465468,-0.009147680746,-0.02614518904,-0.02972271718,-0.03167706384,-0.02512829067
beta,32,-0.02624759121,-0.03055286644,-0.03293288019,-0.02555114583,-0.02539617099,-0.02758994901,-0.02751240472,-0.009769759729,-0.02620250396,-0.02975966271,-0.03167548708,-0.02535883498
beta,33,-0.02642198,-0.03047712815,-0.03290227162,-0.02580617322,-0.02539791811,-0.02778600023,-0.02748499134,-0.0104419553,-0.02633706356,-0.0298147283,-0.03164752267,-0.0255875341
beta,34,-0.0263994991,-0.03040493074,-0.03283788142,-0.02604716035,-0.02540680076,-0.02788042969,-0.02744469876,-0.01110850784,-0.0263142696,-0.0298034736,-0.03158680012,-0.02583066235
beta,35,-0.02645206165,-0.0304783262,-0.03287207984,-0.02628091512,-0.02531338205,-0.02797238997,-0.02741886452,-0.01172569186,-0.02629989992,-0.02996270031,-0.03163809522,-0.0260855067
beta,36,-0.02663320546,-0.03057640155,-0.03292315286,-0.02658676883,-0.0252073588,-0.0280544045,-0.02742754503,-0.01232793838,-0.02641151016,-0.03016013301,-0.03178668256,-0.02637481096
beta,37,-0.0268131165,-0.03068590931,-0.03287845595,-0.02690335262,-0.02516089343,-0.02805470151,-0.02747460635,-0.0129332702,-0.02659986581,-0.03032758782,-0.03188270345,-0.02669921632
beta,38,-0.02705285439,-0.03078386507,-0.03293402618,-0.02722285942,-0.02508799094,-0.02795488323,-0.02745148997,-0.01351123866,-0.02683632926,-0.03040277674,-0.03201057859,-0.02703614812
beta,39,-0.02706697803,-0.03076171393,-0.03298625514,-0.02749045808,-0.02491816434,-0.02772240841,-0.02740013571,-0.01404814158,-0.02679136361,-0.03029612917,-0.03211724179,-0.02732304655
beta,40,-0.027130734,-0.0308696011,-0.03304011781,-0.0276914467,-0.02460959491,-0.02735670739,-0.02728571192,-0.01453897502,-0.0267202441,-0.03023076178,-0.03216943172,-0.02753969706
beta,41,-0.02712552163,-0.03086553369,-0.03302838059,-0.02783773635,-0.02410349858,-0.02690246433,-0.02714166804,-0.01496142839,-0.02645936271,-0.03000031926,-0.03212944816,-0.02766893849
beta,42,-0.026951986,-0.03063851251,-0.03296253909,-0.02796770801,-0.02358534307,-0.0265035014,-0.02698155508,-0.01530777625,-0.02602216772,-0.02967240129,-0.03207756869,-0.02775959981
beta,43,-0.02679747856,-0.03046228579,-0.03265601205,-0.02803001793,-0.02307028034,-0.0260470651,-0.0267706347,-0.01559954337,-0.02563659223,-0.02938418854,-0.03179718788,-0.02779677468
beta,44,-0.02634223869,-0.03015723975,-0.0322790543,-0.02805290299,-0.02264546944,-0.02552859601,-0.02645439934,-0.01580267035,-0.02502078981,-0.02899405906,-0.03140768761,-0.02776523886
beta,45,-0.02552782078,-0.02953690273,-0.03176437329,-0.027985838,-0.02230894292,-0.02494717234,-0.0261055011,-0.01597254948,-0.02413787835,-0.02830505038,-0.03088531595,-0.02762674222
beta,46,-0.02485410161,-0.02884429869,-0.03104350851,-0.02787079964,-0.02204764054,-0.02425469433,-0.02557102578,-0.01606126386,-0.02345702966,-0.02749831459,-0.03006955716,-0.0274392143
beta,47,-0.02430986261,-0.0283636113,-0.03038842892,-0.02761656539,-0.0216971123,-0.02340853799,-0.02490854047,-0.01604069372,-0.0228168677,-0.02676080562,-0.02923921299,-0.02710049971
beta,48,-0.02388929957,-0.02791836461,-0.02965836324,-0.02735596727,-0.0211491406,-0.02252878522,-0.02413111796,-0.0158690603,-0.0221062589,-0.02602883656,-0.02828648234,-0.02670099647
beta,49,-0.02343165234,-0.02738966234,-0.02877711353,-0.02707063164,-0.02082962541,-0.02185164041,-0.02323757253,-0.01558233637,-0.02159112031,-0.02539088362,-0.02716123747,-0.02623407473
beta,50,-0.02295670143,-0.02688046571,-0.02794636308,-0.02675714398,-0.02042693761,-0.02125432924,-0.02247688337,-0.01532731332,-0.02101768649,-0.0248485462,-0.02627537777,-0.02581920415
beta,51,-0.02253847265,-0.02635894931,-0.0270493179,-0.02634835758,-0.01998089824,-0.02063070217,-0.02158207888,-0.01498367108,-0.02047365671,-0.02422461398,-0.0252137704,-0.02532568064
beta,52,-0.02211624762,-0.0258656117,-0.02618078423,-0.02580187715,-0.01965769929,-0.02000431431,-0.02075848842,-0.01449888604,-0.02001560117,-0.02355366247,-0.0242540604,-0.02465578465
beta,53,-0.02156770861,-0.0252938009,-0.02521930132,-0.02506806732,-0.01927800948,-0.01953568792,-0.02002547836,-0.01393015832,-0.01937234173,-0.02286730886,-0.02326007696,-0.02380687398
beta,54,-0.0212663515,-0.02485929087,-0.02439657343,-0.02434372507,-0.01900273515,-0.0192017295,-0.01925913139,-0.01324073831,-0.01897395622,-0.02232694009,-0.02234935085,-0.02293125108
beta,55,-0.02101950473,-0.02446558849,-0.02379383806,-0.02344782568,-0.01889396474,-0.01894499255,-0.01856362461,-0.01245515372,-0.01878830009,-0.02180821031,-0.02167873791,-0.02189092825
beta,56,-0.02059625525,-0.02407383825,-0.02319405546,-0.02248074434,-0.01873618415,-0.01866961611,-0.01782489086,-0.01156184481,-0.01835088579,-0.02115774218,-0.02084387393,-0.02077049719
beta,57,-0.02023232094,-0.02361416469,-0.02277778234,-0.02151134718,-0.01867432262,-0.0185833202,-0.01726851769,-0.01058571343,-0.01802534159,-0.02058254486,-0.02028374807,-0.01961756028
beta,58,-0.02000623343,-0.0231527766,-0.02251453971,-0.02051991611,-0.01874184608,-0.01847239964,-0.01674404179,-0.009442907849,-0.0179090965,-0.01997207096,-0.0198452819,-0.01836437925
beta,59,-0.01988384729,-0.02287207349,-0.02227700664,-0.01940332556,-0.01885028279,-0.0184555559,-0.01619977408,-0.008176135271,-0.01783268594,-0.0195795145,-0.01936081279,-0.01695548256
beta,60,-0.01995504414,-0.0228029466,-0.02249661216,-0.01838625493,-0.01906448725,-0.01843220066,-0.01579494011,-0.006889580264,-0.01793607575,-0.01931821099,-0.01926239639,-0.01565605341
beta,61,-0.02006274632,-0.02251799644,-0.02256835056,-0.0174612502,-0.01944585824,-0.01862574906,-0.0157447883,-0.005537677879,-0.01817109189,-0.01905881702,-0.01917099128,-0.01442926659
beta,62,-0.01993378462,-0.02201104439,-0.0225287185,-0.01667842547,-0.0198408476,-0.01901013467,-0.01609367985,-0.004274226319,-0.0182204355,-0.01872540928,-0.01912863763,-0.01340444767
beta,63,-0.02034951151,-0.02183618803,-0.02247377736,-0.01621766263,-0.0202178494,-0.01950561409,-0.01655067771,-0.003013098101,-0.01867403588,-0.01873340352,-0.01898430857,-0.01269526443
beta,64,-0.02086321767,-0.02201333781,-0.02294109332,-0.01607252812,-0.02074372485,-0.0199417684,-0.01712163429,-0.001762209292,-0.01930644182,-0.01896639736,-0.01929142629,-0.01236525443
beta,65,-0.02122412837,-0.02207787292,-0.02335453186,-0.0161732018,-0.02123875376,-0.02024615733,-0.01775933328,-0.0004458735448,-0.01974360192,-0.01892005607,-0.01952252396,-0.01227075803
beta,66,-0.02166103405,-0.02208349869,-0.02365132435,-0.01649023307,-0.02202922174,-0.02099810812,-0.01865602451,-0.002596851444,-0.02042200092,-0.01924607593,-0.01976743841,-0.01255364418
beta,67,-0.02243934129,-0.02267534907,-0.02396170159,-0.0169700236,-0.02255424427,-0.02158287495,-0.01943085265,-0.004627384355,-0.02118985808,-0.01988602253,-0.01984801459,-0.0129949215
beta,68,-0.02273841407,-0.02305042518,-0.02430266927,-0.01759082588,-0.02319630038,-0.02235089774,-0.02050322018,-0.006655574008,-0.02163116547,-0.02044554378,-0.02022832862,-0.01368533327
beta,69,-0.02342179361,-0.02363511805,-0.02491377486,-0.01854693475,-0.02398903051,-0.02308823556,-0.02156288895,-0.008718369994,-0.02247163072,-0.02115092378,-0.02084428389,-0.01469472499
beta,70,-0.02359022008,-0.02407548052,-0.0252319632,-0.01950035439,-0.0245901528,-0.0238528554,-0.02261902668,-0.01090016345,-0.02276992781,-0.02174069554,-0.0212525038,-0.01586208954
beta,71,-0.02419249186,-0.02475771696,-0.02557391701,-0.02057594759,-0.02551864188,-0.02504020795,-0.0237236857,-0.01303994313,-0.02370144351,-0.02285735719,-0.02187623966,-0.01717788256
beta,72,-0.0245945002,-0.02522424685,-0.02570410719,-0.02164246377,-0.02601628823,-0.0261400315,-0.02471224215,-0.01520475314,-0.02419502264,-0.02381792965,-0.02233536021,-0.01854059805
beta,73,-0.0244804709,-0.02526778877,-0.0258791447,-0.02255631449,-0.02635693529,-0.02667061862,-0.02541406937,-0.01713382798,-0.02422563477,-0.02398775612,-0.022650761,-0.01956739872
beta,74,-0.02461449031,-0.02564627411,-0.02618092666,-0.02338259615,-0.02656515741,-0.02724684495,-0.02613280388,-0.01904547918,-0.024473372,-0.02464589904,-0.02326321666,-0.02059006245
beta,75,-0.02454684077,-0.02585924301,-0.02643591512,-0.02404112163,-0.02672072544,-0.0277468426,-0.02666050943,-0.02073550279,-0.02457773819,-0.02520620987,-0.02385422808,-0.02141843647
beta,76,-0.02403521261,-0.02571593424,-0.02624012891,-0.02450045481,-0.02671986465,-0.02784110162,-0.02678748129,-0.02196339562,-0.02436509885,-0.02525548962,-0.02388524626,-0.02186693498
beta,77,-0.02362976158,-0.02558725432,-0.0258497477,-0.02462619825,-0.02629925969,-0.02781063093,-0.02678045154,-0.02290169836,-0.02398116358,-0.02530190726,-0.02378522343,-0.02204774811
beta,78,-0.02297672015,-0.02531057614,-0.02555363303,-0.02453874408,-0.02625504744,-0.02791404491,-0.02669843656,-0.02338760978,-0.02379218726,-0.02542996952,-0.02390912211,-0.02193810897
beta,79,-0.02273659212,-0.02513248952,-0.02521052886,-0.02422114054,-0.02582257663,-0.02750188316,-0.02616122653,-0.02346702413,-0.02367307254,-0.02535565446,-0.02368220186,-0.02155265925
beta,80,-0.02196849078,-0.02441063897,-0.02430169932,-0.02363081843,-0.02495928598,-0.02672303206,-0.0258590056,-0.02352286883,-0.02289234065,-0.02463283095,-0.02329149871,-0.02119477184
beta,81,-0.02101622262,-0.0236541593,-0.02331650408,-0.02286050936,-0.02406971979,-0.02586120757,-0.02513161464,-0.02322151605,-0.02208589073,-0.02395945817,-0.02260906816,-0.02058131492
beta,82,-0.02013564945,-0.02254461527,-0.02254207476,-0.02216904861,-0.02285896343,-0.02462286087,-0.0240363089,-0.02270433236,-0.02109287898,-0.02274326774,-0.02183081144,-0.02002957004
beta,83,-0.01923800656,-0.02184696536,-0.02179006175,-0.02126413825,-0.02201612505,-0.0237300881,-0.02299556057,-0.02217272421,-0.02038045921,-0.02215607496,-0.02115712222,-0.01945219514
beta,84,-0.01850433429,-0.02099226389,-0.02100632159,-0.02037814365,-0.02103948653,-0.02252783574,-0.02201516457,-0.02162394526,-0.01969115179,-0.02125897561,-0.02055898217,-0.01898337906
beta,85,-0.01732743505,-0.01969710975,-0.01982503184,-0.01945473431,-0.01968146686,-0.02111574736,-0.02081853109,-0.02090583465,-0.01842001293,-0.01990554049,-0.01944621625,-0.01838655055
beta,86,-0.01647236234,-0.01853523467,-0.01879366341,-0.01862571137,-0.01874127854,-0.02017231247,-0.01980713727,-0.01996593109,-0.01768415388,-0.0190296615,-0.01860144553,-0.01766814966
beta,87,-0.015416318,-0.01738895543,-0.01799971264,-0.01800975433,-0.01758260671,-0.01891907597,-0.01861416332,-0.01888049846,-0.01660368885,-0.01791354953,-0.01768632875,-0.01696526012
beta,88,-0.01463741052,-0.01620568487,-0.01716439061,-0.0174215868,-0.01655722904,-0.01781195882,-0.01769391267,-0.01788832732,-0.01583116985,-0.01692417333,-0.01697753163,-0.01631964074
beta,89,-0.01382088826,-0.01532330642,-0.01645954202,-0.01704888035,-0.01518623976,-0.01618608288,-0.01645245635,-0.01712382132,-0.01467333089,-0.01562226248,-0.01601232286,-0.01595852575
beta,90,-0.01311551297,-0.01432439135,-0.01577416954,-0.01676465783,-0.0140304939,-0.01489231084,-0.01530433069,-0.01643920191,-0.013722637,-0.01448558207,-0.01508620823,-0.01562917453
beta,91,-0.01237609026,-0.0133242828,-0.01510711793,-0.01662211486,-0.0133365614,-0.01375918228,-0.01411435206,-0.01584191667,-0.013111933,-0.01341137864,-0.01400964519,-0.01537091595
beta,92,-0.01151750761,-0.01251072349,-0.01447321961,-0.01652579751,-0.01233432129,-0.01285634607,-0.01322217875,-0.01531127996,-0.01216972899,-0.01258735754,-0.01322334846,-0.01509194117
beta,93,-0.01040938691,-0.01158720128,-0.0138068153,-0.01628283684,-0.01142917434,-0.01204196818,-0.01245940595,-0.01512989949,-0.01109503555,-0.0116487254,-0.01240057874,-0.01494199376
beta,94,-0.01006366555,-0.01128403154,-0.01330478132,-0.01615032629,-0.01086540397,-0.0116462251,-0.01192866528,-0.01507019213,-0.01077539844,-0.01149789612,-0.01187844466,-0.0149617866
beta,95,-0.009338160155,-0.01068562378,-0.01276993746,-0.01588387028,-0.01005916942,-0.01096105216,-0.01150400798,-0.01501111448,-0.009883871775,-0.01076451643,-0.01136142912,-0.01480523248
beta,96,-0.00893986595,-0.01028551167,-0.01238745235,-0.0157252678,-0.009205287655,-0.009981120564,-0.01081207953,-0.01480859507,-0.009102511389,-0.009794818496,-0.01059270225,-0.01452974489
beta,97,-0.008711288233,-0.009949854208,-0.01208806782,-0.01555496718,-0.008386531809,-0.009388209934,-0.01033605658,-0.01467793051,-0.008354453534,-0.009139734107,-0.009998609619,-0.01426942925
beta,98,-0.008320613722,-0.009636466355,-0.01186737878,-0.01543458111,-0.007858575803,-0.009176816082,-0.01026658021,-0.01466969804,-0.007607256974,-0.008751232123,-0.009758725759,-0.0141712703
zeta,0,-9,-9,-9,-9,-9,-9,-9,-9,-9,-9,-9,-9
zeta,1,-9,-9,-9,-9,-9,-9,-9,-9,-9,-9,-9,-9
zeta,2,-9,-9,-9,-9,-9,-9,-9,-9,-9,-9,-9,-9
zeta,3,-9,-9,-9,-9,-9,-9,-9,-9,-9,-9,-9,-9
zeta,4,-9,-9,-9,-9,-9,-9,-9,-9,-9,-9,-9,-9
zeta,5,-9,-9,-9,-9,-9,-9,-9,-9,-9,-9,-9,-9
zeta,6,-9,-9,-9,-9,-9,-9,-9,-9,-9,-9,-9,-9
zeta,7,-9,-9,-9,-9,-9,-9,-9,-9,-9,-9,-9,-9
zeta,8,-9,-9,-9,-9,-9,-9,-9,-9,-9,-9,-9,-9
zeta,9,-9,-9,-9,-9,-9,-9,-9,-9,-9,-9,-9,-9
zeta,10,-9,-9,-9,-9,-9,-9,-9,-9,-9,-9,-9,-9
zeta,11,-9,-9,-9,-9,-9,-9,-9,-9,-9,-9,-9,-9
zeta,12,-9,-9,-9,-9,-9,-9,-9,-9,-9,-9,-9,-9
zeta,13,-9,-9,-9,-9,-9,-9,-9,-9,-9,-9,-9,-9
zeta,14,-9,-9,-9,-9,-9,-9,-9,-9,-9,-9,-9,-9
zeta,15,-9,-9,-9,-9,-9,-9,-9,-9,-9,-9,-9,-9
zeta,16,-9,-9,-9,-9,-9,-9,-9,-9,-9,-9,-9,-9
zeta,17,-9,-9,-9,-9,-9,-9,-9,-9,-9,-9,-9,-9
zeta,18,-9,-9,-9,-9,-9,-9,-9,-9,-9,-9,-9,-9
zeta,19,-9,-9,-9,-9,-9,-9,-9,-9,-9,-9,-9,-9
zeta,20,-9,-9,-9,-9,-9,-9,-9,-9,-9,-9,-9,-9
zeta,21,-9,-9,-9,-9,-9,-9,-9,-9,-9,-9,-9,-9
zeta,22,-9,-9,-9,-9,-9,-9,-9,-9,-9,-9,-9,-9
zeta,23,-9,-9,-9,-9,-9,-9,-9,-9,-9,-9,-9,-9
zeta,24,-9,-9,-9,-9,-9,-9,-9,-9,-9,-9,-9,-9
zeta,25,-9,-9,-9,-9,-9,-9,-9,-9,-9,-9,-9,-9
zeta,26,-9,-9,-9,-9,-9,-9,-9,-9,-9,-9,-9,-9
zeta,27,-9,-9,-9,-9,-9,-9,-9,-9,-9,-9,-9,-9
zeta,28,-9,-9,-9,-9,-9,-9,-9,-9,-9,-9,-9,-9
zeta,29,-9,-9,-9,-9,-9,-9,-9,-9,-9,-9,-9,-9
zeta,30,-9,-9,-9,-9,-9,-9,-9,-9,-9,-9,-9,-9
zeta,31,-9,-9,-9,-9,-9,-9,-9,-9,-9,-9,-9,-9
zeta,32,-9,-9,-9,-9,-9,-9,-9,-9,-9,-9,-9,-9
zeta,33,-9,-9,-9,-9,-9,-9,-9,-9,-9,-9,-9,-9
zeta,34,-9,-9,-9,-9,-9,-9,-9,-9,-9,-9,-9,-9
zeta,35,-9,-9,-9,-9,-9,-9,-9,-9,-9,-9,-9,-9
zeta,36,-9,-9,-9,-9,-9,-9,-9,-9,-9,-9,-9,-9
zeta,37,-9,-9,-9,-9,-9,-9,-9,-9,-9,-9,-9,-9
zeta,38,-9,-9,-9,-9,-9,-9,-9,-9,-9,-9,-9,-9
zeta,39,-9,-9,-9,-9,-9,-9,-9,-9,-9,-9,-9,-9
zeta,40,-9,-9,-9,-9,-9,-9,-9,-9,-9,-9,-9,-9
zeta,41,-9,-9,-9,-9,-9,-9,-9,-9,-9,-9,-9,-9
zeta,42,-9,-9,-9,-9,-9,-9,-9,-9,-9,-9,-9,-9
zeta,43,-9,-9,-9,-9,-9,-9,-9,-9,-9,-9,-9,-9
zeta,44,-9,-9,-9,-9,-9,-9,-9,-9,-9,-9,-9,-9
zeta,45,-9,-9,-9,-9,-9,-9,-9,-9,-9,-9,-9,-9
zeta,46,-9,-9,-9,-9,-9,-9,-9,-9,-9,-9,-9,-9
zeta,47,-9,-9,-9,-9,-9,-9,-9,-9,-9,-9,-9,-9
zeta,48,-9,-9,-9,-9,-9,-9,-9,-9,-9,-9,-9,-9
zeta,49,-9,-9,-9,-9,-9,-9,-9,-9,-9,-9,-9,-9
zeta,50,-9,-9,-9,-9,-9,-9,-9,-9,-9,-9,-9,-9
zeta,51,-9,-9,-9,-9,-9,-9,-9,-9,-9,-9,-9,-9
zeta,52,-9,-9,-9,-9,-9,-9,-9,-9,-9,-9,-9,-9
zeta,53,-9,-9,-9,-9,-9,-9,-9,-9,-9,-9,-9,-9
zeta,54,-9,-9,-9,-9,-9,-9,-9,-9,-9,-9,-9,-9
zeta,55,-9,-9,-9,-9,-9,-9,-9,-9,-9,-9,-9,-9
zeta,56,-9,-9,-9,-9,-9,-9,-9,-9,-9,-9,-9,-9
zeta,57,-9,-9,-9,-9,-9,-9,-9,-9,-9,-9,-9,-9
zeta,58,-9,-9,-9,-9,-9,-9,-9,-9,-9,-9,-9,-9
zeta,59,-9,-9,-9,-9,-9,-9,-9,-9,-9,-9,-9,-9
zeta,60,-9,-9,-9,-9,-9,-9,-9,-9,-9,-9,-9,-9
zeta,61,-9,-9,-9,-9,-9,-9,-9,-9,-9,-9,-9,-9
zeta,62,-9,-9,-9,-9,-9,-9,-9,-9,-9,-9,-9,-9
zeta,63,-9,-9,-9,-9,-9,-9,-9,-9,-9,-9,-9,-9
zeta,64,-9,-9,-9,-9,-9,-9,-9,-9,-9,-9,-9,-9
zeta,65,-9,-9,-9,-9,-9,-9,-9,-9,-9,-9,-9,-9
zeta,66,-9,-9,-9,-9,-9,-9,-9,-9,-9,-9,-9,-9
zeta,67,-9,-9,-9,-9,-9,-9,-9,-9,-9,-9,-9,-9
zeta,68,-9,-9,-9,-9,-9,-9,-9,-9,-9,-9,-9,-9
zeta,69,-9,-9,-9,-9,-9,-9,-9,-9,-9,-9,-9,-9
zeta,70,-9,-9,-9,-9,-9,-9,-9,-9,-9,-9,-9,-9
zeta,71,-9,-9,-9,-9,-9,-9,-9,-9,-9,-9,-9,-9
zeta,72,-9,-9,-9,-9,-9,-9,-9,-9,-9,-9,-9,-9
zeta,73,-9,-9,-9,-9,-9,-9,-9,-9,-9,-9,-9,-9
zeta,74,-9,-9,-9,-9,-9,-9,-9,-9,-9,-9,-9,-9
zeta,75,-9,-9,-9,-9,-9,-9,-9,-9,-9,-9,-9,-9
zeta,76,-9,-9,-9,-9,-9,-9,-9,-9,-9,-9,-9,-9
zeta,77,-9,-9,-9,-9,-9,-9,-9,-9,-9,-9,-9,-9
zeta,78,-9,-9,-9,-9,-9,-9,-9,-9,-9,-9,-9,-9
zeta,79,-9,-9,-9,-9,-9,-9,-9,-9,-9,-9,-9,-9
zeta,80,-9,-9,-9,-9,-9,-9,-9,-9,-9,-9,-9,-9
zeta,81,-9,-9,-9,-9,-9,-9,-9,-9,-9,-9,-9,-9
zeta,82,-9,-9,-9,-9,-9,-9,-9,-9,-9,-9,-9,-9
zeta,83,-9,-9,-9,-9,-9,-9,-9,-9,-9,-9,-9,-9
zeta,84,-9,-9,-9,-9,-9,-9,-9,-9,-9,-9,-9,-9
zeta,85,-9,-9,-9,-9,-9,-9,-9,-9,-9,-9,-9,-9
zeta,86,-9,-9,-9,-9,-9,-9,-9,-9,-9,-9,-9,-9
zeta,87,-9,-9,-9,-9,-9,-9,-9,-9,-9,-9,-9,-9
zeta,88,-9,-9,-9,-9,-9,-9,-9,-9,-9,-9,-9,-9
zeta,89,-9,-9,-9,-9,-9,-9,-9,-9,-9,-9,-9,-9
zeta,90,-9,-9,-9,-9,-9,-9,-9,-9,-9,-9,-9,-9
zeta,91,-9,-9,-9,-9,-9,-9,-9,-9,-9,-9,-9,-9
zeta,92,-9,-9,-9,-9,-9,-9,-9,-9,-9,-9,-9,-9
zeta,93,-9,-9,-9,-9,-9,-9,-9,-9,-9,-9,-9,-9
zeta,94,-9,-9,-9,-9,-9,-9,-9,-9,-9,-9,-9,-9
zeta,95,-9,-9,-9,-9,-9,-9,-9,-9,-9,-9,-9,-9
zeta,96,-9,-9,-9,-9,-9,-9,-9,-9,-9,-9,-9,-9
zeta,97,-9,-9,-9,-9,-9,-9,-9,-9,-9,-9,-9,-9
zeta,98,-9,-9,-9,-9,-9,-9,-9,-9,-9,-9,-9,-9
eta,0,0.005,0.005,0.005,0.005,0.005,0.005,0.005,0.005,0.005,0.005,0.005,0.005
eta,1,0.005,0.005,0.005,0.005,0.005,0.005,0.005,0.005,0.005,0.005,0.005,0.005
eta,2,0.005,0.005,0.005,0.005,0.005,0.005,0.005,0.005,0.005,0.005,0.005,0.005
eta,3,0.005,0.005,0.005,0.005,0.005,0.005,0.005,0.005,0.005,0.005,0.005,0.005
eta,4,0.005,0.005,0.005,0.005,0.005,0.005,0.005,0.005,0.005,0.005,0.005,0.005
eta,5,0.005,0.005,0.005,0.005,0.005,0.005,0.005,0.005,0.005,0.005,0.005,0.005
eta,6,0.005,0.005,0.005,0.005,0.005,0.005,0.005,0.005,0.005,0.005,0.005,0.005
eta,7,0.005,0.005,0.005,0.005,0.005,0.005,0.005,0.005,0.005,0.005,0.005,0.005
eta,8,0.005,0.005,0.005,0.005,0.005,0.005,0.005,0.005,0.005,0.005,0.005,0.005
eta,9,0.005,0.005,0.005,0.005,0.005,0.005,0.005,0.005,0.005,0.005,0.005,0.005
eta,10,0.005,0.005,0.005,0.005,0.005,0.005,0.005,0.005,0.005,0.005,0.005,0.005
eta,11,0.005,0.005,0.005,0.005,0.005,0.005,0.005,0.005,0.005,0.005,0.005,0.005
eta,12,0.005,0.005,0.005,0.005,0.005,0.005,0.005,0.005,0.005,0.005,0.005,0.005
eta,13,0.005,0.005,0.005,0.005,0.005,0.005,0.005,0.005,0.005,0.005,0.005,0.005
eta,14,0.005,0.005,0.005,0.005,0.005,0.005,0.005,0.005,0.005,0.005,0.005,0.005
eta,15,0.005,0.005,0.005,0.005,0.005,0.005,0.005,0.005,0.005,0.005,0.005,0.005
eta,16,0.005,0.005,0.005,0.005,0.005,0.005,0.005,0.005,0.005,0.005,0.005,0.005
eta,17,0.005,0.005,0.005,0.005,0.005,0.005,0.005,0.005,0.005,0.005,0.005,0.005
eta,18,0.005,0.005,0.005,0.005,0.005,0.005,0.005,0.005,0.005,0.005,0.005,0.005
eta,19,0.005,0.005,0.005,0.005,0.005,0.005,0.005,0.005,0.005,0.005,0.005,0.005
eta,20,0.005,0.005,0.005,0.005,0.005,0.005,0.005,0.005,0.005,0.005,0.005,0.005
eta,21,0.005,0.005,0.005,0.005,0.005,0.005,0.005,0.005,0.005,0.005,0.005,0.005
eta,22,0.005,0.005,0.005,0.005,0.005,0.005,0.005,0.005,0.005,0.005,0.005,0.005
eta,23,0.005,0.005,0.005,0.005,0.005,0.005,0.005,0.005,0.005,0.005,0.005,0.005
eta,24,0.005,0.005,0.005,0.005,0.005,0.005,0.005,0.005,0.005,0.005,0.005,0.005
eta,25,0.005,0.005,0.005,0.005,0.005,0.005,0.005,0.005,0.005,0.005,0.005,0.005
eta,26,0.005,0.005,0.005,0.005,0.005,0.005,0.005,0.005,0.005,0.005,0.005,0.005
eta,27,0.005,0.005,0.005,0.005,0.005,0.005,0.005,0.005,0.005,0.005,0.005,0.005
eta,28,0.005,0.005,0.005,0.005,0.005,0.005,0.005,0.005,0.005,0.005,0.005,0.005
eta,29,0.005,0.005,0.005,0.005,0.005,0.005,0.005,0.005,0.005,0.005,0.005,0.005
eta,30,0.005,0.005,0.005,0.005,0.005,0.005,0.005,0.005,0.005,0.005,0.005,0.005
eta,31,0.005,0.005,0.005,0.005,0.005,0.005,0.005,0.005,0.005,0.005,0.005,0.005
eta,32,0.005,0.005,0.005,0.005,0.005,0.005,0.005,0.005,0.005,0.005,0.005,0.005
eta,33,0.005,0.005,0.005,0.005,0.005,0.005,0.005,0.005,0.005,0.005,0.005,0.005
eta,34,0.005,0.005,0.005,0.005,0.005,0.005,0.005,0.005,0.005,0.005,0.005,0.005
eta,35,0.005,0.005,0.005,0.005,0.005,0.005,0.005,0.005,0.005,0.005,0.005,0.005
eta,36,0.005,0.005,0.005,0.005,0.005,0.005,0.005,0.005,0.005,0.005,0.005,0.005
eta,37,0.005,0.005,0.005,0.005,0.005,0.005,0.005,0.005,0.005,0.005,0.005,0.005
eta,38,0.005,0.005,0.005,0.005,0.005,0.005,0.005,0.005,0.005,0.005,0.005,0.005
eta,39,0.005,0.005,0.005,0.005,0.005,0.005,0.005,0.005,0.005,0.005,0.005,0.005
eta,40,0.005,0.005,0.005,0.005,0.005,0.005,0.005,0.005,0.005,0.005,0.005,0.005
eta,41,0.005,0.005,0.005,0.005,0.005,0.005,0.005,0.005,0.005,0.005,0.005,0.005
eta,42,0.005,0.005,0.005,0.005,0.005,0.005,0.005,0.005,0.005,0.005,0.005,0.005
eta,43,0.005,0.005,0.005,0.005,0.005,0.005,0.005,0.005,0.005,0.005,0.005,0.005
eta,44,0.005,0.005,0.005,0.005,0.005,0.005,0.005,0.005,0.005,0.005,0.005,0.005
eta,45,0.005,0.005,0.005,0.005,0.005,0.005,0.005,0.005,0.005,0.005,0.005,0.005
eta,46,0.005,0.005,0.005,0.005,0.005,0.005,0.005,0.005,0.005,0.005,0.005,0.005
eta,47,0.005,0.005,0.005,0.005,0.005,0.005,0.005,0.005,0.005,0.005,0.005,0.005
eta,48,0.005,0.005,0.005,0.005,0.005,0.005,0.005,0.005,0.005,0.005,0.005,0.005
eta,49,0.005,0.005,0.005,0.005,0.005,0.005,0.005,0.005,0.005,0.005,0.005,0.005
eta,50,0.005,0.005,0.005,0.005,0.005,0.005,0.005,0.005,0.005,0.005,0.005,0.005
eta,51,0.005,0.005,0.005,0.005,0.005,0.005,0.005,0.005,0.005,0.005,0.005,0.005
eta,52,0.005,0.005,0.005,0.005,0.005,0.005,0.005,0.005,0.005,0.005,0.005,0.005
eta,53,0.005,0.005,0.005,0.005,0.005,0.005,0.005,0.005,0.005,0.005,0.005,0.005
eta,54,0.005,0.005,0.005,0.005,0.005,0.005,0.005,0.005,0.005,0.005,0.005,0.005
eta,55,0.005,0.005,0.005,0.005,0.005,0.005,0.005,0.005,0.005,0.005,0.005,0.005
eta,56,0.005,0.005,0.005,0.005,0.005,0.005,0.005,0.005,0.005,0.005,0.005,0.005
eta,57,0.005,0.005,0.005,0.005,0.005,0.005,0.005,0.005,0.005,0.005,0.005,0.005
eta,58,0.005,0.005,0.005,0.005,0.005,0.005,0.005,0.005,0.005,0.005,0.005,0.005
eta,59,0.005,0.005,0.005,0.005,0.005,0.005,0.005,0.005,0.005,0.005,0.005,0.005
eta,60,0.005,0.005,0.005,0.005,0.005,0.005,0.005,0.005,0.005,0.005,0.005,0.005
eta,61,0.005,0.005,0.005,0.005,0.005,0.005,0.005,0.005,0.005,0.005,0.005,0.005
eta,62,0.005,0.005,0.005,0.005,0.005,0.005,0.005,0.005,0.005,0.005,0.005,0.005
eta,63,0.005,0.005,0.005,0.005,0.005,0.005,0.005,0.005,0.005,0.005,0.005,0.005
eta,64,0.005,0.005,0.005,0.005,0.005,0.005,0.005,0.005,0.005,0.005,0.005,0.005
eta,65,0.005,0.005,0.005,0.005,0.005,0.005,0.005,0.005,0.005,0.005,0.005,0.005
eta,66,0.005,0.005,0.005,0.005,0.005,0.005,0.005,0.005,0.005,0.005,0.005,0.005
eta,67,0.005,0.005,0.005,0.005,0.005,0.005,0.005,0.005,0.005,0.005,0.005,0.005
eta,68,0.005,0.005,0.005,0.005,0.005,0.005,0.005,0.005,0.005,0.005,0.005,0.005
eta,69,0.005,0.005,0.005,0.005,0.005,0.005,0.005,0.005,0.005,0.005,0.005,0.005
eta,70,0.005,0.005,0.005,0.005,0.005,0.005,0.005,0.005,0.005,0.005,0.005,0.005
eta,71,0.005,0.005,0.005,0.005,0.005,0.005,0.005,0.005,0.005,0.005,0.005,0.005
eta,72,0.005,0.005,0.005,0.005,0.005,0.005,0.005,0.005,0.005,0.005,0.005,0.005
eta,73,0.005,0.005,0.005,0.005,0.005,0.005,0.005,0.005,0.005,0.005,0.005,0.005
eta,74,0.005,0.005,0.005,0.005,0.005,0.005,0.005,0.005,0.005,0.005,0.005,0.005
eta,75,0.005,0.005,0.005,0.005,0.005,0.005,0.005,0.005,0.005,0.005,0.005,0.005
eta,76,0.005,0.005,0.005,0.005,0.005,0.005,0.005,0.005,0.005,0.005,0.005,0.005
eta,77,0.005,0.005,0.005,0.005,0.005,0.005,0.005,0.005,0.005,0.005,0.005,0.005
eta,78,0.005,0.005,0.005,0.005,0.005,0.005,0.005,0.005,0.005,0.005,0.005,0.005
eta,79,0.005,0.005,0.005,0.005,0.005,0.005,0.005,0.005,0.005,0.005,0.005,0.005
eta,80,0.005,0.005,0.005,0.005,0.005,0.005,0.005,0.005,0.005,0.005,0.005,0.005
eta,81,0.005,0.005,0.005,0.005,0.005,0.005,0.005,0.005,0.005,0.005,0.005,0.005
eta,82,0.005,0.005,0.005,0.005,0.005,0.005,0.005,0.005,0.005,0.005,0.005,0.005
eta,83,0.005,0.005,0.005,0.005,0.005,0.005,0.005,0.005,0.005,0.005,0.005,0.005
eta,84,0.005,0.005,0.005,0.005,0.005,0.005,0.005,0.005,0.005,0.005,0.005,0.005
eta,85,0.005,0.005,0.005,0.005,0.005,0.005,0.005,0.005,0.005,0.005,0.005,0.005
eta,86,0.005,0.005,0.005,0.005,0.005,0.005,0.005,0.005,0.005,0.005,0.005,0.005
eta,87,0.005,0.005,0.005,0.005,0.005,0.005,0.005,0.005,0.005,0.005,0.005,0.005
eta,88,0.005,0.005,0.005,0.005,0.005,0.005,0.005,0.005,0.005,0.005,0.005,0.005
eta,89,0.005,0.005,0.005,0.005,0.005,0.005,0.005,0.005,0.005,0.005,0.005,0.005
eta,90,0.005,0.005,0.005,0.005,0.005,0.005,0.005,0.005,0.005,0.005,0.005,0.005
eta,91,0.005,0.005,0.005,0.005,0.005,0.005,0.005,0.005,0.005,0.005,0.005,0.005
eta,92,0.005,0.005,0.005,0.005,0.005,0.005,0.005,0.005,0.005,0.005,0.005,0.005
eta,93,0.005,0.005,0.005,0.005,0.005,0.005,0.005,0.005,0.005,0.005,0.005,0.005
eta,94,0.005,0.005,0.005,0.005,0.005,0.005,0.005,0.005,0.005,0.005,0.005,0.005
eta,95,0.005,0.005,0.005,0.005,0.005,0.005,0.005,0.005,0.005,0.005,0.005,0.005
eta,96,0.005,0.005,0.005,0.005,0.005,0.005,0.005,0.005,0.005,0.005,0.005,0.005
eta,97,0.005,0.005,0.005,0.005,0.005,0.005,0.005,0.005,0.005,0.005,0.005,0.005
eta,98,0.005,0.005,0.005,0.005,0.005,0.005,0.005,0.005,0.005,0.005,0.005,0.005
