"Jahr","Alter","Geschlecht","qx"
"2020-2022",0,"M",0.00278253094698546
"2020-2022",0,"F",0.00275760789752794
"2020-2022",0,"U",0.00277042345070311
"2020-2022",1,"M",0.000221309910424717
"2020-2022",1,"F",0.000173818982979879
"2020-2022",1,"U",0.000198142562963314
"2020-2022",2,"M",0.000169867168785589
"2020-2022",2,"F",0.000113591205762109
"2020-2022",2,"U",0.00014247061354492
"2020-2022",3,"M",0.000132301788715943
"2020-2022",3,"F",8.54032978299536e-05
"2020-2022",3,"U",0.000109473343284479
"2020-2022",4,"M",0.000105696806385667
"2020-2022",4,"F",7.8229219399297e-05
"2020-2022",4,"U",9.23073950013176e-05
"2020-2022",5,"M",8.71352579648467e-05
"2020-2022",5,"F",8.10429306852882e-05
"2020-2022",5,"U",8.41294115143883e-05
"2020-2022",6,"M",7.37002793204118e-05
"2020-2022",6,"F",7.37002793204118e-05
"2020-2022",6,"U",7.80962541984004e-05
"2020-2022",7,"M",6.33977774118485e-05
"2020-2022",7,"F",6.33977774118485e-05
"2020-2022",7,"U",6.9387838490248e-05
"2020-2022",8,"M",5.741187146357e-05
"2020-2022",8,"F",5.741187146357e-05
"2020-2022",8,"U",6.01518915173955e-05
"2020-2022",9,"M",5.76104105283527e-05
"2020-2022",9,"F",5.01033737650335e-05
"2020-2022",9,"U",5.40351279744517e-05
"2020-2022",10,"M",6.58612436623568e-05
"2020-2022",10,"F",4.26919941868709e-05
"2020-2022",10,"U",5.46842625585828e-05
"2020-2022",11,"M",8.40316616893976e-05
"2020-2022",11,"F",4.62982731287259e-05
"2020-2022",11,"U",6.57448377426488e-05
"2020-2022",12,"M",0.000113248192186473
"2020-2022",12,"F",6.40412462335456e-05
"2020-2022",12,"U",8.93068643490436e-05
"2020-2022",13,"M",0.000152436285424073
"2020-2022",13,"F",9.17817963365813e-05
"2020-2022",13,"U",0.000122838302415217
"2020-2022",14,"M",0.000200114446387976
"2020-2022",14,"F",0.000124038885576516
"2020-2022",14,"U",0.000162952565964918
"2020-2022",15,"M",0.000254801180054207
"2020-2022",15,"F",0.000155331476082395
"2020-2022",15,"U",0.000206263069012604
"2020-2022",16,"M",0.000315012599350857
"2020-2022",16,"F",0.000180182959579788
"2020-2022",16,"U",0.00024938408897171
"2020-2022",17,"M",0.000378196456837694
"2020-2022",17,"F",0.000195095115635104
"2020-2022",17,"U",0.000289315521725032
"2020-2022",18,"M",0.000439053988785843
"2020-2022",18,"F",0.000201655717789562
"2020-2022",18,"U",0.000324048602242213
"2020-2022",19,"M",0.000491851166979565
"2020-2022",19,"F",0.000202258561602552
"2020-2022",19,"U",0.000351731671687048
"2020-2022",20,"M",0.000530853963201142
"2020-2022",20,"F",0.000199297442630103
"2020-2022",20,"U",0.000370513071220075
"2020-2022",21,"M",0.000550347763588801
"2020-2022",21,"F",0.000195163982734008
"2020-2022",21,"U",0.000378550257541298
"2020-2022",22,"M",0.00054873379821431
"2020-2022",22,"F",0.000191788980758652
"2020-2022",22,"U",0.000375933181921031
"2020-2022",23,"M",0.000533596288557285
"2020-2022",23,"F",0.000190075078525532
"2020-2022",23,"U",0.000367063446243159
"2020-2022",24,"M",0.000513761975019867
"2020-2022",24,"F",0.000190785801472963
"2020-2022",24,"U",0.000356926046978228
"2020-2022",25,"M",0.0004980575980045
"2020-2022",25,"F",0.000194684675039576
"2020-2022",25,"U",0.000350505980597076
"2020-2022",26,"M",0.000495274594417591
"2020-2022",26,"F",0.000202532105379172
"2020-2022",26,"U",0.000352768122588819
"2020-2022",27,"M",0.000509932678188506
"2020-2022",27,"F",0.00021471106522645
"2020-2022",27,"U",0.000366242709699051
"2020-2022",28,"M",0.00053825524176188
"2020-2022",28,"F",0.000230871495468589
"2020-2022",28,"U",0.000388731548055195
"2020-2022",29,"M",0.000575512483199146
"2020-2022",29,"F",0.000250579116312599
"2020-2022",29,"U",0.000417493177288309
"2020-2022",30,"M",0.000616974600561528
"2020-2022",30,"F",0.000273399647965289
"2020-2022",30,"U",0.000449786137029259
"2020-2022",31,"M",0.000657945999763365
"2020-2022",31,"F",0.00029889698342756
"2020-2022",31,"U",0.000482886634892742
"2020-2022",32,"M",0.000696377760986881
"2020-2022",32,"F",0.000326493644106275
"2020-2022",32,"U",0.000515437856949014
"2020-2022",33,"M",0.000734707261006527
"2020-2022",33,"F",0.000355372516742961
"2020-2022",33,"U",0.000548400112633578
"2020-2022",34,"M",0.000775806443027713
"2020-2022",34,"F",0.000384693275797526
"2020-2022",34,"U",0.00058295816021418
"2020-2022",35,"M",0.000822547250255816
"2020-2022",35,"F",0.000413615595729788
"2020-2022",35,"U",0.000620296757958584
"2020-2022",36,"M",0.000877773481050526
"2020-2022",36,"F",0.00044132725124311
"2020-2022",36,"U",0.000661597978854065
"2020-2022",37,"M",0.000942826425713166
"2020-2022",37,"F",0.000468516144047996
"2020-2022",37,"U",0.000707900542637704
"2020-2022",38,"M",0.00101681966490106
"2020-2022",38,"F",0.000498094355206469
"2020-2022",38,"U",0.000760030624815977
"2020-2022",39,"M",0.00109868650456192
"2020-2022",39,"F",0.000533153954805256
"2020-2022",39,"U",0.000818797201010459
"2020-2022",40,"M",0.00118736025064364
"2020-2022",40,"F",0.000576787012931267
"2020-2022",40,"U",0.000885009246842793
"2020-2022",41,"M",0.00128181764065685
"2020-2022",41,"F",0.000632035541824943
"2020-2022",41,"U",0.000959476419688908
"2020-2022",42,"M",0.00138272381411315
"2020-2022",42,"F",0.000699995554945584
"2020-2022",42,"U",0.00104303488011783
"2020-2022",43,"M",0.00149293720444077
"2020-2022",43,"F",0.000779235144505474
"2020-2022",43,"U",0.0011365552172832
"2020-2022",44,"M",0.00161546282659291
"2020-2022",44,"F",0.000868153457485661
"2020-2022",44,"U",0.00124091032125955
"2020-2022",45,"M",0.00175330569552253
"2020-2022",45,"F",0.000965149640867112
"2020-2022",45,"U",0.00135697308212129
"2020-2022",46,"M",0.00190951618158414
"2020-2022",46,"F",0.00106866648983477
"2020-2022",46,"U",0.00148565953602828
"2020-2022",47,"M",0.00208848061747348
"2020-2022",47,"F",0.00117843247569814
"2020-2022",47,"U",0.00162915660515194
"2020-2022",48,"M",0.00229610757267523
"2020-2022",48,"F",0.00129564100888597
"2020-2022",48,"U",0.00179109929847095
"2020-2022",49,"M",0.00253838842605736
"2020-2022",49,"F",0.00142156519222829
"2020-2022",49,"U",0.00197520140060286
"2020-2022",50,"M",0.0028213145564872
"2020-2022",50,"F",0.00155747812855449
"2020-2022",50,"U",0.00218517669616457
"2020-2022",51,"M",0.0031507085123552
"2020-2022",51,"F",0.00170472365392057
"2020-2022",51,"U",0.00242468061260009
"2020-2022",52,"M",0.00352850974106049
"2020-2022",52,"F",0.00186627246857357
"2020-2022",52,"U",0.00269602636235533
"2020-2022",53,"M",0.00395277458901309
"2020-2022",53,"F",0.00204672213695345
"2020-2022",53,"U",0.00300018494288005
"2020-2022",54,"M",0.0044213905721444
"2020-2022",54,"F",0.00225074095672521
"2020-2022",54,"U",0.00333806899444962
"2020-2022",55,"M",0.00493224520638632
"2020-2022",55,"F",0.00248299722555434
"2020-2022",55,"U",0.0037105911573398
"2020-2022",56,"M",0.00548383317458657
"2020-2022",56,"F",0.00274822667025248
"2020-2022",56,"U",0.00411899609247267
"2020-2022",57,"M",0.0060858103563914
"2020-2022",57,"F",0.00305240452847172
"2020-2022",57,"U",0.0045706318034924
"2020-2022",58,"M",0.0067576280448144
"2020-2022",58,"F",0.00340259387112044
"2020-2022",58,"U",0.00507820277739925
"2020-2022",59,"M",0.00751907008334331
"2020-2022",59,"F",0.00380589470062236
"2020-2022",59,"U",0.00565459535171989
"2020-2022",60,"M",0.00838992031546653
"2020-2022",60,"F",0.00426940701940197
"2020-2022",60,"U",0.00631269586398162
"2020-2022",61,"M",0.00938824219936506
"2020-2022",61,"F",0.00479937657423386
"2020-2022",61,"U",0.00706410609422891
"2020-2022",62,"M",0.0105063571315905
"2020-2022",62,"F",0.00538926691625154
"2020-2022",62,"U",0.00790120703647388
"2020-2022",63,"M",0.0117167702186774
"2020-2022",63,"F",0.00602270183707226
"2020-2022",63,"U",0.0088015834855797
"2020-2022",64,"M",0.0129914768233659
"2020-2022",64,"F",0.00668305201552852
"2020-2022",64,"U",0.00974243962678531
"2020-2022",65,"M",0.0143024723083959
"2020-2022",65,"F",0.0073536881304526
"2020-2022",65,"U",0.0107009796453294
"2020-2022",66,"M",0.0156263188649238
"2020-2022",66,"F",0.00802177793555013
"2020-2022",66,"U",0.0116586745842483
"2020-2022",67,"M",0.0169960123776353
"2020-2022",67,"F",0.00872141079842554
"2020-2022",67,"U",0.0126497223515517
"2020-2022",68,"M",0.0184826111777966
"2020-2022",68,"F",0.00951832298609476
"2020-2022",68,"U",0.0137438831825742
"2020-2022",69,"M",0.020157886578989
"2020-2022",69,"F",0.0104788435724376
"2020-2022",69,"U",0.0150115834629567
"2020-2022",70,"M",0.0220936098947935
"2020-2022",70,"F",0.0116693016313341
"2020-2022",70,"U",0.0165232495783405
"2020-2022",71,"M",0.0243537041848234
"2020-2022",71,"F",0.0131476970519972
"2020-2022",71,"U",0.0183407463117382
"2020-2022",72,"M",0.0269210701550426
"2020-2022",72,"F",0.0148860424265381
"2020-2022",72,"U",0.0204375517554728
"2020-2022",73,"M",0.0297308096701913
"2020-2022",73,"F",0.0168056224556115
"2020-2022",73,"U",0.0227350005969383
"2020-2022",74,"M",0.0327174068024238
"2020-2022",74,"F",0.0188270661897678
"2020-2022",74,"U",0.0251537535781327
"2020-2022",75,"M",0.0358153456238934
"2020-2022",75,"F",0.0208710026795566
"2020-2022",75,"U",0.0276144714410533
"2020-2022",76,"M",0.038977689363643
"2020-2022",76,"F",0.0228812370626781
"2020-2022",76,"U",0.0300600708109623
"2020-2022",77,"M",0.0423192087273373
"2020-2022",77,"F",0.0250032922723969
"2020-2022",77,"U",0.0326271769267151
"2020-2022",78,"M",0.046037936568179
"2020-2022",78,"F",0.027486554447354
"2020-2022",78,"U",0.0355521543558693
"2020-2022",79,"M",0.0503325938562931
"2020-2022",79,"F",0.0305812680997889
"2020-2022",79,"U",0.0390721919579556
"2020-2022",80,"M",0.0554019015618034
"2020-2022",80,"F",0.03453767774194
"2020-2022",80,"U",0.0434244785925036
"2020-2022",81,"M",0.0614470972654435
"2020-2022",81,"F",0.0395905518653644
"2020-2022",81,"U",0.04883430015398
"2020-2022",82,"M",0.0686880178732279
"2020-2022",82,"F",0.0458602814962635
"2020-2022",82,"U",0.0554389721856764
"2020-2022",83,"M",0.0773528365638126
"2020-2022",83,"F",0.0534159933423287
"2020-2022",83,"U",0.0633363816591104
"2020-2022",84,"M",0.0876697658378948
"2020-2022",84,"F",0.0623265722984281
"2020-2022",84,"U",0.0726242295619705
"2020-2022",85,"M",0.0998670181961714
"2020-2022",85,"F",0.0726609032594301
"2020-2022",85,"U",0.0834002168819455
"2020-2022",86,"M",0.114114847284691
"2020-2022",86,"F",0.0844897598331453
"2020-2022",86,"U",0.095750282245884
"2020-2022",87,"M",0.130217786730578
"2020-2022",87,"F",0.0978958333945183
"2020-2022",87,"U",0.109686143855558
"2020-2022",88,"M",0.147838109662645
"2020-2022",88,"F",0.112966451180365
"2020-2022",88,"U",0.125190649098702
"2020-2022",89,"M",0.16663777068964
"2020-2022",89,"F",0.129788950807156
"2020-2022",89,"U",0.142246580721539
"2020-2022",90,"M",0.186278724420311
"2020-2022",90,"F",0.148450669891364
"2020-2022",90,"U",0.160836721470292
"2020-2022",91,"M",0.206530216711736
"2020-2022",91,"F",0.168994151966152
"2020-2022",91,"U",0.180933330428756
"2020-2022",92,"M",0.227741808087889
"2020-2022",92,"F",0.191219659260859
"2020-2022",92,"U",0.202451746514806
"2020-2022",93,"M",0.250458361523406
"2020-2022",93,"F",0.214845915255099
"2020-2022",93,"U",0.22528815240483
"2020-2022",94,"M",0.275224887168848
"2020-2022",94,"F",0.239591581982555
"2020-2022",94,"U",0.249338716339468
"2020-2022",95,"M",0.302586395174776
"2020-2022",95,"F",0.265175321476909
"2020-2022",95,"U",0.274499606559357
"2020-2022",96,"M",0.330798926647359
"2020-2022",96,"F",0.292497384507409
"2020-2022",96,"U",0.301103077476578
"2020-2022",97,"M",0.36106144084243
"2020-2022",97,"F",0.320938853882133
"2020-2022",97,"U",0.32892070540729
"2020-2022",98,"M",0.393101448453564
"2020-2022",98,"F",0.350640392000743
"2020-2022",98,"U",0.358004404684483
"2020-2022",99,"M",0.426918949480761
"2020-2022",99,"F",0.381601998863241
"2020-2022",99,"U",0.388354175308156
"2020-2022",100,"M",0.462513943924016
"2020-2022",100,"F",0.413823674469623
"2020-2022",100,"U",0.419970017278312
"2020-2022",101,"M",0.499886431783331
"2020-2022",101,"F",0.447305418819894
"2020-2022",101,"U",0.45285193059495
"2020-2022",102,"M",0.539036413058705
"2020-2022",102,"F",0.482047231914052
"2020-2022",102,"U",0.486999915258069
"2020-2022",103,"M",0.579963887750141
"2020-2022",103,"F",0.518049113752097
"2020-2022",103,"U",0.522413971267668
"2020-2022",104,"M",0.62266885585764
"2020-2022",104,"F",0.555311064334027
"2020-2022",104,"U",0.559094098623751
"2020-2022",105,"M",0.667151317381194
"2020-2022",105,"F",0.593833083659844
"2020-2022",105,"U",0.597040297326315
"2020-2022",106,"M",0.71341127232081
"2020-2022",106,"F",0.63361517172955
"2020-2022",106,"U",0.636252567375361
"2020-2022",107,"M",0.761448720676487
"2020-2022",107,"F",0.674657328543142
"2020-2022",107,"U",0.676730908770888
"2020-2022",108,"M",NA
"2020-2022",108,"F",0.716959554100619
"2020-2022",108,"U",0.718475321512894
"2020-2022",109,"M",NA
"2020-2022",109,"F",0.760521848401984
"2020-2022",109,"U",0.761485805601385
"2020-2022",110,"M",NA
"2020-2022",110,"F",0.805344211447236
"2020-2022",110,"U",0.805762361036357
"2019-2021",0,"M",0.00307454627498069
"2019-2021",0,"F",0.00278490821911174
"2019-2021",0,"U",0.00293363389662769
"2019-2021",1,"M",0.000257866267496858
"2019-2021",1,"F",0.000194603000962478
"2019-2021",1,"U",0.000227067647077736
"2019-2021",2,"M",0.000191421852629119
"2019-2021",2,"F",0.000132690057717511
"2019-2021",2,"U",0.000162870628304971
"2019-2021",3,"M",0.000144377622748922
"2019-2021",3,"F",9.63712690491524e-05
"2019-2021",3,"U",0.000121059562148506
"2019-2021",4,"M",0.000112413902402148
"2019-2021",4,"F",7.81922935409679e-05
"2019-2021",4,"U",9.58000701160525e-05
"2019-2021",5,"M",9.12110161337541e-05
"2019-2021",5,"F",7.06987897760298e-05
"2019-2021",5,"U",8.1257773713675e-05
"2019-2021",6,"M",7.64494197792032e-05
"2019-2021",6,"F",6.64366264301929e-05
"2019-2021",6,"U",7.15984636878652e-05
"2019-2021",7,"M",6.50247920448406e-05
"2019-2021",7,"F",5.9896394000523e-05
"2019-2021",7,"U",6.25544716460715e-05
"2019-2021",8,"M",5.80182876003322e-05
"2019-2021",8,"F",5.22667024226183e-05
"2019-2021",8,"U",5.52536161148899e-05
"2019-2021",9,"M",5.74114839065059e-05
"2019-2021",9,"F",4.6177108705605e-05
"2019-2021",9,"U",5.19844484563944e-05
"2019-2021",10,"M",6.51859584269753e-05
"2019-2021",10,"F",4.42571698612757e-05
"2019-2021",10,"U",5.50355200352823e-05
"2019-2021",11,"M",8.33226888293354e-05
"2019-2021",11,"F",4.91355119847495e-05
"2019-2021",11,"U",6.66946277912327e-05
"2019-2021",12,"M",0.000113006734009625
"2019-2021",12,"F",6.22054445404803e-05
"2019-2021",12,"U",8.82484565479622e-05
"2019-2021",13,"M",0.000153058188417771
"2019-2021",13,"F",8.11897015851025e-05
"2019-2021",13,"U",0.000118009022577199
"2019-2021",14,"M",0.000201859901010549
"2019-2021",14,"F",0.00010313238431077
"2019-2021",14,"U",0.000153738371752339
"2019-2021",15,"M",0.00025779472073466
"2019-2021",15,"F",0.000125077593900885
"2019-2021",15,"U",0.000193198549936814
"2019-2021",16,"M",0.000319243003798272
"2019-2021",16,"F",0.000144071602936994
"2019-2021",16,"U",0.000234151320625038
"2019-2021",17,"M",0.000383471774743164
"2019-2021",17,"F",0.000158130493822116
"2019-2021",17,"U",0.000274232331700789
"2019-2021",18,"M",0.000444885930640203
"2019-2021",18,"F",0.00016776351374604
"2019-2021",18,"U",0.000310753015925016
"2019-2021",19,"M",0.000497436782158489
"2019-2021",19,"F",0.000173875023565175
"2019-2021",19,"U",0.000340973424854627
"2019-2021",20,"M",0.000535075639963491
"2019-2021",20,"F",0.000177369384132631
"2019-2021",20,"U",0.000362153610043372
"2019-2021",21,"M",0.000551775038214258
"2019-2021",21,"F",0.000179151534006007
"2019-2021",21,"U",0.000371565028411198
"2019-2021",22,"M",0.000546006891923735
"2019-2021",22,"F",0.000180248885327161
"2019-2021",22,"U",0.000368897074792457
"2019-2021",23,"M",0.000526281829039018
"2019-2021",23,"F",0.000181962104971523
"2019-2021",23,"U",0.000359233882849457
"2019-2021",24,"M",0.000502468781160495
"2019-2021",24,"F",0.000185628832971384
"2019-2021",24,"U",0.000348389529765258
"2019-2021",25,"M",0.000484436679888868
"2019-2021",25,"F",0.000192586709359295
"2019-2021",25,"U",0.000342178092723148
"2019-2021",26,"M",0.000482013089920327
"2019-2021",26,"F",0.000204165593346468
"2019-2021",26,"U",0.000346388064547503
"2019-2021",27,"M",0.000500020180543566
"2019-2021",27,"F",0.000220753864803407
"2019-2021",27,"U",0.000363712230675315
"2019-2021",28,"M",0.000533558898561264
"2019-2021",28,"F",0.000240911410665706
"2019-2021",28,"U",0.000390831052278332
"2019-2021",29,"M",0.000576613284363
"2019-2021",29,"F",0.000262988035702146
"2019-2021",29,"U",0.000423734212846957
"2019-2021",30,"M",0.000623167378338088
"2019-2021",30,"F",0.000285333544681295
"2019-2021",30,"U",0.000458411395871371
"2019-2021",31,"M",0.000667244105774524
"2019-2021",31,"F",0.000306313729726288
"2019-2021",31,"U",0.000490881298657231
"2019-2021",32,"M",0.00070587493097009
"2019-2021",32,"F",0.000325531330505108
"2019-2021",32,"U",0.000519407428161019
"2019-2021",33,"M",0.000741191000669891
"2019-2021",33,"F",0.000344685798631781
"2019-2021",33,"U",0.000546058399511664
"2019-2021",34,"M",0.000775817443850118
"2019-2021",34,"F",0.000365679684336054
"2019-2021",34,"U",0.00057327141075372
"2019-2021",35,"M",0.000812379389486926
"2019-2021",35,"F",0.000390415537847616
"2019-2021",35,"U",0.000603483659931605
"2019-2021",36,"M",0.000853500991391839
"2019-2021",36,"F",0.000420780998364195
"2019-2021",36,"U",0.000639121537723913
"2019-2021",37,"M",0.000901754344385411
"2019-2021",37,"F",0.000457867682046484
"2019-2021",37,"U",0.000682034485326417
"2019-2021",38,"M",0.000959634357467422
"2019-2021",38,"F",0.000501586972984441
"2019-2021",38,"U",0.000733216523612583
"2019-2021",39,"M",0.0010296296934684
"2019-2021",39,"F",0.000551754746414597
"2019-2021",39,"U",0.0007935924496005
"2019-2021",40,"M",0.00111422901521899
"2019-2021",40,"F",0.00060818687757366
"2019-2021",40,"U",0.000864087060308346
"2019-2021",41,"M",0.00121587039004985
"2019-2021",41,"F",0.000670707427338997
"2019-2021",41,"U",0.000945609166374635
"2019-2021",42,"M",0.00133502498522899
"2019-2021",42,"F",0.0007394586733685
"2019-2021",42,"U",0.0010384461079241
"2019-2021",43,"M",0.00146960889527303
"2019-2021",43,"F",0.000814996268172368
"2019-2021",43,"U",0.00114207791290209
"2019-2021",44,"M",0.00161736745488692
"2019-2021",44,"F",0.000897903490798611
"2019-2021",44,"U",0.00125593065522282
"2019-2021",45,"M",0.00177604599877533
"2019-2021",45,"F",0.000988763620295156
"2019-2021",45,"U",0.00137943040880038
"2019-2021",46,"M",0.00194355725391296
"2019-2021",46,"F",0.00108816190135098
"2019-2021",46,"U",0.00151208313552454
"2019-2021",47,"M",0.00212274455663465
"2019-2021",47,"F",0.00119674147744948
"2019-2021",47,"U",0.00165574793104592
"2019-2021",48,"M",0.00232206933199951
"2019-2021",48,"F",0.00131521146374869
"2019-2021",48,"U",0.00181496512436369
"2019-2021",49,"M",0.00255029862799182
"2019-2021",49,"F",0.00144428456425339
"2019-2021",49,"U",0.0019944209030458
"2019-2021",50,"M",0.00281619949259519
"2019-2021",50,"F",0.00158467348296775
"2019-2021",50,"U",0.00219880145465955
"2019-2021",51,"M",0.00312834027598718
"2019-2021",51,"F",0.00173715505557697
"2019-2021",51,"U",0.00243271957234548
"2019-2021",52,"M",0.00349071927878444
"2019-2021",52,"F",0.00190398114640896
"2019-2021",52,"U",0.00269909997740809
"2019-2021",53,"M",0.00390276475204459
"2019-2021",53,"F",0.00208887864843629
"2019-2021",53,"U",0.00299917931931759
"2019-2021",54,"M",0.00436370624901776
"2019-2021",54,"F",0.00229563858631101
"2019-2021",54,"U",0.00333412085311596
"2019-2021",55,"M",0.0048727733229544
"2019-2021",55,"F",0.00252805198468558
"2019-2021",55,"U",0.0037050878338456
"2019-2021",56,"M",0.00542955917728283
"2019-2021",56,"F",0.00278996803564463
"2019-2021",56,"U",0.00411345059210307
"2019-2021",57,"M",0.00604034178546056
"2019-2021",57,"F",0.00308630518940176
"2019-2021",57,"U",0.00456438600814065
"2019-2021",58,"M",0.00671726588298563
"2019-2021",58,"F",0.00342292031035346
"2019-2021",58,"U",0.00506641170855318
"2019-2021",59,"M",0.00747267537964526
"2019-2021",59,"F",0.00380570212169209
"2019-2021",59,"U",0.00562815873697407
"2019-2021",60,"M",0.00831891418522747
"2019-2021",60,"F",0.00424053934661075
"2019-2021",60,"U",0.00625825813703745
"2019-2021",61,"M",0.00926746571695393
"2019-2021",61,"F",0.00473290069569896
"2019-2021",61,"U",0.00696471257743448
"2019-2021",62,"M",0.0103169378736551
"2019-2021",62,"F",0.00528197024652313
"2019-2021",62,"U",0.00774612237586647
"2019-2021",63,"M",0.0114560269546075
"2019-2021",63,"F",0.00588209415370322
"2019-2021",63,"U",0.00859384990162375
"2019-2021",64,"M",0.0126731742983276
"2019-2021",64,"F",0.00652749412368075
"2019-2021",64,"U",0.0094990713388287
"2019-2021",65,"M",0.0139568212433317
"2019-2021",65,"F",0.00721239186289705
"2019-2021",65,"U",0.0104529628716036
"2019-2021",66,"M",0.0152980013761703
"2019-2021",66,"F",0.00793327683028758
"2019-2021",66,"U",0.0114491586461649
"2019-2021",67,"M",0.0167197814840685
"2019-2021",67,"F",0.00871466179496683
"2019-2021",67,"U",0.0125116665970304
"2019-2021",68,"M",0.0182668335676138
"2019-2021",68,"F",0.00959996021604559
"2019-2021",68,"U",0.0136849806595873
"2019-2021",69,"M",0.0199842343343003
"2019-2021",69,"F",0.0106329395986538
"2019-2021",69,"U",0.0150139785111423
"2019-2021",70,"M",0.0219170604916224
"2019-2021",70,"F",0.0118573674479214
"2019-2021",70,"U",0.016543537829002
"2019-2021",71,"M",0.0241047347292269
"2019-2021",71,"F",0.0133099695239925
"2019-2021",71,"U",0.0183118705700941
"2019-2021",72,"M",0.0265283098323942
"2019-2021",72,"F",0.0149547753217195
"2019-2021",72,"U",0.0202883743593868
"2019-2021",73,"M",0.0291344034747911
"2019-2021",73,"F",0.0167129274401076
"2019-2021",73,"U",0.0224018500583735
"2019-2021",74,"M",0.0318691882616243
"2019-2021",74,"F",0.0185050141717054
"2019-2021",74,"U",0.0245805738216958
"2019-2021",75,"M",0.0346788367981003
"2019-2021",75,"F",0.020251623809061
"2019-2021",75,"U",0.0267528218039948
"2019-2021",76,"M",0.0375318512909088
"2019-2021",76,"F",0.0219020529748955
"2019-2021",76,"U",0.0288732317639758
"2019-2021",77,"M",0.0405910841818685
"2019-2021",77,"F",0.0236554670915757
"2019-2021",77,"U",0.031125885051268
"2019-2021",78,"M",0.0441194576083332
"2019-2021",78,"F",0.0258396874314999
"2019-2021",78,"U",0.0338130020559346
"2019-2021",79,"M",0.0483807207299343
"2019-2021",79,"F",0.0287835985385544
"2019-2021",79,"U",0.0372377795237448
"2019-2021",80,"M",0.0536386227063018
"2019-2021",80,"F",0.0328160849566245
"2019-2021",80,"U",0.0417034142004671
"2019-2021",81,"M",0.060135066045196
"2019-2021",81,"F",0.0382271086456415
"2019-2021",81,"U",0.04747917387163
"2019-2021",82,"M",0.0679504928428915
"2019-2021",82,"F",0.0450189693434942
"2019-2021",82,"U",0.0545835701009817
"2019-2021",83,"M",0.0770929781613399
"2019-2021",83,"F",0.0530650357287204
"2019-2021",83,"U",0.0629227247714722
"2019-2021",84,"M",0.0875702557085576
"2019-2021",84,"F",0.0622380683144841
"2019-2021",84,"U",0.0724022296260484
"2019-2021",85,"M",0.0993900591925608
"2019-2021",85,"F",0.0724108276139487
"2019-2021",85,"U",0.0829276764076566
"2019-2021",86,"M",0.112568142495346
"2019-2021",86,"F",0.0835118905404669
"2019-2021",86,"U",0.0944475768411406
"2019-2021",87,"M",0.127170866747751
"2019-2021",87,"F",0.0958220351517519
"2019-2021",87,"U",0.107181267475034
"2019-2021",88,"M",0.143284278665394
"2019-2021",88,"F",0.10975904133126
"2019-2021",88,"U",0.121453432315979
"2019-2021",89,"M",0.160994469039752
"2019-2021",89,"F",0.125740995708388
"2019-2021",89,"U",0.137588991242697
"2019-2021",90,"M",0.180387528662304
"2019-2021",90,"F",0.144185984912533
"2019-2021",90,"U",0.155912864133907
"2019-2021",91,"M",0.201486110324266
"2019-2021",91,"F",0.165333865663654
"2019-2021",91,"U",0.17660189580488
"2019-2021",92,"M",0.223969744683764
"2019-2021",92,"F",0.188460488463724
"2019-2021",92,"U",0.199032025755137
"2019-2021",93,"M",0.247402486093919
"2019-2021",93,"F",0.212517271592738
"2019-2021",93,"U",0.222309652182147
"2019-2021",94,"M",0.271348301887278
"2019-2021",94,"F",0.236455388845218
"2019-2021",94,"U",0.245540970162576
"2019-2021",95,"M",0.295371159396389
"2019-2021",95,"F",0.259226014015684
"2019-2021",95,"U",0.267832174773091
"2019-2021",96,"M",0.320866319646814
"2019-2021",96,"F",0.284185268718931
"2019-2021",96,"U",0.292043340207957
"2019-2021",97,"M",0.346874548064687
"2019-2021",97,"F",0.309025840082395
"2019-2021",97,"U",0.316208182687613
"2019-2021",98,"M",0.373613851660104
"2019-2021",98,"F",0.334272115013944
"2019-2021",98,"U",0.340773582910783
"2019-2021",99,"M",0.401084230433062
"2019-2021",99,"F",0.359924093513577
"2019-2021",99,"U",0.365739540877468
"2019-2021",100,"M",0.429285684383563
"2019-2021",100,"F",0.385981775581294
"2019-2021",100,"U",0.391106056587666
"2019-2021",101,"M",0.458218213511608
"2019-2021",101,"F",0.412445161217096
"2019-2021",101,"U",0.416873130041379
"2019-2021",102,"M",0.487881817817194
"2019-2021",102,"F",0.439314250420982
"2019-2021",102,"U",0.443040761238605
"2019-2021",103,"M",0.518276497300322
"2019-2021",103,"F",0.466589043192952
"2019-2021",103,"U",0.469608950179345
"2019-2021",104,"M",0.549402251960994
"2019-2021",104,"F",0.494269539533006
"2019-2021",104,"U",0.496577696863599
"2019-2021",105,"M",0.581259081799208
"2019-2021",105,"F",0.522355739441144
"2019-2021",105,"U",0.523947001291367
"2019-2021",106,"M",0.613846986814965
"2019-2021",106,"F",0.550847642917367
"2019-2021",106,"U",0.551716863462649
"2019-2021",107,"M",0.647165967008265
"2019-2021",107,"F",0.579745249961675
"2019-2021",107,"U",0.579887283377446
"2019-2021",108,"M",NA
"2019-2021",108,"F",0.609048560574066
"2019-2021",108,"U",0.608458261035756
"2019-2021",109,"M",NA
"2019-2021",109,"F",0.638757574754542
"2019-2021",109,"U",0.63742979643758
"2019-2021",110,"M",NA
"2019-2021",110,"F",0.668872292503101
"2019-2021",110,"U",0.666801889582918
"2019-2021",111,"M",NA
"2019-2021",111,"F",0.699392713819745
"2019-2021",111,"U",0.69657454047177
"2018-2020",0,"M",0.00318471337579618
"2018-2020",0,"F",0.00264986265955728
"2018-2020",0,"U",0.00292416073044984
"2018-2020",1,"M",0.000241230563313373
"2018-2020",1,"F",0.000216298649615192
"2018-2020",1,"U",0.000229150211296554
"2018-2020",2,"M",0.000177213572504314
"2018-2020",2,"F",0.000136232952511661
"2018-2020",2,"U",0.000157308599675055
"2018-2020",3,"M",0.000133677520293199
"2018-2020",3,"F",9.14912447899265e-05
"2018-2020",3,"U",0.00011319473098192
"2018-2020",4,"M",0.000106110726788564
"2018-2020",4,"F",7.16671461130519e-05
"2018-2020",4,"U",8.94154125230496e-05
"2018-2020",5,"M",9.00015120979245e-05
"2018-2020",5,"F",6.63542761434906e-05
"2018-2020",5,"U",7.85774516033276e-05
"2018-2020",6,"M",8.08383093909775e-05
"2018-2020",6,"F",6.51465401608381e-05
"2018-2020",6,"U",7.32878530365489e-05
"2018-2020",7,"M",7.51560409570951e-05
"2018-2020",7,"F",6.02816902198101e-05
"2018-2020",7,"U",6.79818477361158e-05
"2018-2020",8,"M",7.30939515167393e-05
"2018-2020",8,"F",5.31034270501997e-05
"2018-2020",8,"U",6.33914509802424e-05
"2018-2020",9,"M",7.55666848371945e-05
"2018-2020",9,"F",4.69144170425279e-05
"2018-2020",9,"U",6.16033072905866e-05
"2018-2020",10,"M",8.34888846883592e-05
"2018-2020",10,"F",4.50173265895132e-05
"2018-2020",10,"U",6.47040611914292e-05
"2018-2020",11,"M",9.77751597187299e-05
"2018-2020",11,"F",5.07136414321242e-05
"2018-2020",11,"U",7.47797652654258e-05
"2018-2020",12,"M",0.00011929352315948
"2018-2020",12,"F",6.57381314951913e-05
"2018-2020",12,"U",9.31309749743214e-05
"2018-2020",13,"M",0.000148773536217669
"2018-2020",13,"F",8.71702836932653e-05
"2018-2020",13,"U",0.00011872424785864
"2018-2020",14,"M",0.000186919162478482
"2018-2020",14,"F",0.000111228894799403
"2018-2020",14,"U",0.00015009462119637
"2018-2020",15,"M",0.000234434365516987
"2018-2020",15,"F",0.000134132761578476
"2018-2020",15,"U",0.000185777132257439
"2018-2020",16,"M",0.000292017969727298
"2018-2020",16,"F",0.000152103964086877
"2018-2020",16,"U",0.000224305731777054
"2018-2020",17,"M",0.000358073488183799
"2018-2020",17,"F",0.000162830996939027
"2018-2020",17,"U",0.000263729091539208
"2018-2020",18,"M",0.000425103700367499
"2018-2020",18,"F",0.000167772179575359
"2018-2020",18,"U",0.000300848339341172
"2018-2020",19,"M",0.000484676244830808
"2018-2020",19,"F",0.000168983268601693
"2018-2020",19,"U",0.000332266893763569
"2018-2020",20,"M",0.000528358760123061
"2018-2020",20,"F",0.000168520020620652
"2018-2020",20,"U",0.000354588173384462
"2018-2020",21,"M",0.000547746026905051
"2018-2020",21,"F",0.000168436230007162
"2018-2020",21,"U",0.000364428794697304
"2018-2020",22,"M",0.000540186953826856
"2018-2020",22,"F",0.000170369699114378
"2018-2020",22,"U",0.000361203332546776
"2018-2020",23,"M",0.000515868669051562
"2018-2020",23,"F",0.00017503009714413
"2018-2020",23,"U",0.00035056897639342
"2018-2020",24,"M",0.000486715395983639
"2018-2020",24,"F",0.000183001510800412
"2018-2020",24,"U",0.000339027582369105
"2018-2020",25,"M",0.000464651358027841
"2018-2020",25,"F",0.000194868026787529
"2018-2020",25,"U",0.000333081006606009
"2018-2020",26,"M",0.000461547776749705
"2018-2020",26,"F",0.000211207416401448
"2018-2020",26,"U",0.000339200282666388
"2018-2020",27,"M",0.00048286265121747
"2018-2020",27,"F",0.000231833286574366
"2018-2020",27,"U",0.000360126913195435
"2018-2020",28,"M",0.000521598548376031
"2018-2020",28,"F",0.000255075123366243
"2018-2020",28,"U",0.000391359096990576
"2018-2020",29,"M",0.000569326985522256
"2018-2020",29,"F",0.00027909189682209
"2018-2020",29,"U",0.000427562823471163
"2018-2020",30,"M",0.000617619479952758
"2018-2020",30,"F",0.00030204257698668
"2018-2020",30,"U",0.00046340408205634
"2018-2020",31,"M",0.000658110724677604
"2018-2020",31,"F",0.000322108883839736
"2018-2020",31,"U",0.000493593624151161
"2018-2020",32,"M",0.00068732334105422
"2018-2020",32,"F",0.000339232708249681
"2018-2020",32,"U",0.00051630545258695
"2018-2020",33,"M",0.000710065328265193
"2018-2020",33,"F",0.000356339552916553
"2018-2020",33,"U",0.000535584021750628
"2018-2020",34,"M",0.000731947251038108
"2018-2020",34,"F",0.000376643928972685
"2018-2020",34,"U",0.000556042429035148
"2018-2020",35,"M",0.000758579674100573
"2018-2020",35,"F",0.000403360347550423
"2018-2020",35,"U",0.000582293771833381
"2018-2020",36,"M",0.000795538668726245
"2018-2020",36,"F",0.000439659502888105
"2018-2020",36,"U",0.000618908445775598
"2018-2020",37,"M",0.000846558878701593
"2018-2020",37,"F",0.000486372931377964
"2018-2020",37,"U",0.000668177219753411
"2018-2020",38,"M",0.000912644735652631
"2018-2020",38,"F",0.00054086399201191
"2018-2020",38,"U",0.00072901094969143
"2018-2020",39,"M",0.000994579732087229
"2018-2020",39,"F",0.000600215385718927
"2018-2020",39,"U",0.000800046976143815
"2018-2020",40,"M",0.0010931473605135
"2018-2020",40,"F",0.000661509813428117
"2018-2020",40,"U",0.000879922639664877
"2018-2020",41,"M",0.00120906879394679
"2018-2020",41,"F",0.000721896603410945
"2018-2020",41,"U",0.000967285352616034
"2018-2020",42,"M",0.00134064253512395
"2018-2020",42,"F",0.000781115221870396
"2018-2020",42,"U",0.00106117406885696
"2018-2020",43,"M",0.00148301995239969
"2018-2020",43,"F",0.000842269815794375
"2018-2020",43,"U",0.00116113636850159
"2018-2020",44,"M",0.00163114208584165
"2018-2020",44,"F",0.000908689399451651
"2018-2020",44,"U",0.00126675382401318
"2018-2020",45,"M",0.00177994997551716
"2018-2020",45,"F",0.000983702987110807
"2018-2020",45,"U",0.00137760800785486
"2018-2020",46,"M",0.00192473779941858
"2018-2020",46,"F",0.00107060867118691
"2018-2020",46,"U",0.00149342806755827
"2018-2020",47,"M",0.00207120156087469
"2018-2020",47,"F",0.00117179372797357
"2018-2020",47,"U",0.00161829003605294
"2018-2020",48,"M",0.00223688942455526
"2018-2020",48,"F",0.00128860762171796
"2018-2020",48,"U",0.00176122292186569
"2018-2020",49,"M",0.00243999431038256
"2018-2020",49,"F",0.00142234335989609
"2018-2020",49,"U",0.00193152517442473
"2018-2020",50,"M",0.00269870913827809
"2018-2020",50,"F",0.00157429394998341
"2018-2020",50,"U",0.00213849524315761
"2018-2020",51,"M",0.00303054999159634
"2018-2020",51,"F",0.00174571522380341
"2018-2020",51,"U",0.00239108906756403
"2018-2020",52,"M",0.00343746571262729
"2018-2020",52,"F",0.00193700797316537
"2018-2020",52,"U",0.00269038485878073
"2018-2020",53,"M",0.00390583790259838
"2018-2020",53,"F",0.00214771794986618
"2018-2020",53,"U",0.00302958309958341
"2018-2020",54,"M",0.00442137132616837
"2018-2020",54,"F",0.00237735373004934
"2018-2020",54,"U",0.00340154176281838
"2018-2020",55,"M",0.00496977074799653
"2018-2020",55,"F",0.00262542388985873
"2018-2020",55,"U",0.00379911882133236
"2018-2020",56,"M",0.00553768649920424
"2018-2020",56,"F",0.00289163854290152
"2018-2020",56,"U",0.00421569636129823
"2018-2020",57,"M",0.00612915071004048
"2018-2020",57,"F",0.00317941254893038
"2018-2020",57,"U",0.00465429093978316
"2018-2020",58,"M",0.00676345031815501
"2018-2020",58,"F",0.00349541216811457
"2018-2020",58,"U",0.00512637462509471
"2018-2020",59,"M",0.00746039015597603
"2018-2020",59,"F",0.00384641404440259
"2018-2020",59,"U",0.00564370654685833
"2018-2020",60,"M",0.00823977505593264
"2018-2020",60,"F",0.00423919482174348
"2018-2020",60,"U",0.00621804583470021
"2018-2020",61,"M",0.00912044120928823
"2018-2020",61,"F",0.00468044366431532
"2018-2020",61,"U",0.00686076117164881
"2018-2020",62,"M",0.0101067310654302
"2018-2020",62,"F",0.0051755407797302
"2018-2020",62,"U",0.00757737900275961
"2018-2020",63,"M",0.0111918297625491
"2018-2020",63,"F",0.00572885873824325
"2018-2020",63,"U",0.0083689284067275
"2018-2020",64,"M",0.0123686354340456
"2018-2020",64,"F",0.00634474419017792
"2018-2020",64,"U",0.0092363227743669
"2018-2020",65,"M",0.0136300462133207
"2018-2020",65,"F",0.00702754378585734
"2018-2020",65,"U",0.010180475496492
"2018-2020",66,"M",0.0149707127405043
"2018-2020",66,"F",0.00778206514534956
"2018-2020",66,"U",0.0112030725482761
"2018-2020",67,"M",0.0164069419166242
"2018-2020",67,"F",0.00861881223264835
"2018-2020",67,"U",0.012315346965778
"2018-2020",68,"M",0.017969646992604
"2018-2020",68,"F",0.0095521309858032
"2018-2020",68,"U",0.0135349709257945
"2018-2020",69,"M",0.019690014824195
"2018-2020",69,"F",0.0105964393103744
"2018-2020",69,"U",0.0148797372225249
"2018-2020",70,"M",0.0215992322671487
"2018-2020",70,"F",0.0117661551119223
"2018-2020",70,"U",0.0163674386501689
"2018-2020",71,"M",0.0237237285156266
"2018-2020",71,"F",0.0130731422028238
"2018-2020",71,"U",0.0180128854363492
"2018-2020",72,"M",0.0260408164964731
"2018-2020",72,"F",0.0145028969203461
"2018-2020",72,"U",0.0198000969391582
"2018-2020",73,"M",0.0284988331742543
"2018-2020",73,"F",0.0160253602062451
"2018-2020",73,"U",0.0216949275558159
"2018-2020",74,"M",0.0310457410037321
"2018-2020",74,"F",0.0176102719512101
"2018-2020",74,"U",0.0236629969042494
"2018-2020",75,"M",0.033629502439668
"2018-2020",75,"F",0.0192273720459297
"2018-2020",75,"U",0.0256699246023852
"2018-2020",76,"M",0.0362247808210843
"2018-2020",76,"F",0.0208687346949513
"2018-2020",76,"U",0.027704071864222
"2018-2020",77,"M",0.039038636072231
"2018-2020",77,"F",0.0227208253530666
"2018-2020",77,"U",0.0299517360177134
"2018-2020",78,"M",0.0423977876357102
"2018-2020",78,"F",0.0250702002890235
"2018-2020",78,"U",0.0327011304324672
"2018-2020",79,"M",0.0466299438757636
"2018-2020",79,"F",0.02820424296838
"2018-2020",79,"U",0.0362413107594274
"2018-2020",80,"M",0.0520628131566317
"2018-2020",80,"F",0.032410336856693
"2018-2020",80,"U",0.040861332649537
"2018-2020",81,"M",0.0589816571157824
"2018-2020",81,"F",0.0379411057011143
"2018-2020",81,"U",0.0468144350609256
"2018-2020",82,"M",0.0673580295506196
"2018-2020",82,"F",0.0447922772049512
"2018-2020",82,"U",0.0540891492063892
"2018-2020",83,"M",0.0770228794761087
"2018-2020",83,"F",0.0528444375042911
"2018-2020",83,"U",0.0625553635037757
"2018-2020",84,"M",0.0878064926771097
"2018-2020",84,"F",0.0619776296146216
"2018-2020",84,"U",0.0720824067351079
"2018-2020",85,"M",0.0995391549384823
"2018-2020",85,"F",0.0720718965514299
"2018-2020",85,"U",0.0825396076824084
"2018-2020",86,"M",0.112110592509771
"2018-2020",86,"F",0.0830655712591807
"2018-2020",86,"U",0.0938519092533102
"2018-2020",87,"M",0.125785600609724
"2018-2020",87,"F",0.0952647957782493
"2018-2020",87,"U",0.106295179148453
"2018-2020",88,"M",0.140974871579751
"2018-2020",88,"F",0.109118785272059
"2018-2020",88,"U",0.120281790409556
"2018-2020",89,"M",0.158089424423696
"2018-2020",89,"F",0.125077075243556
"2018-2020",89,"U",0.136224421712656
"2018-2020",90,"M",0.177540278145405
"2018-2020",90,"F",0.143589201195689
"2018-2020",90,"U",0.15453575173379
"2018-2020",91,"M",0.199552758316481
"2018-2020",91,"F",0.164904354484759
"2018-2020",91,"U",0.175442199190979
"2018-2020",92,"M",0.223347815744014
"2018-2020",92,"F",0.188188109223969
"2018-2020",92,"U",0.198162743824946
"2018-2020",93,"M",0.247808383149242
"2018-2020",93,"F",0.212241352719116
"2018-2020",93,"U",0.221577316042691
"2018-2020",94,"M",0.271817138529905
"2018-2020",94,"F",0.235864697455495
"2018-2020",94,"U",0.244565590750585
"2018-2020",95,"M",0.294256759883741
"2018-2020",95,"F",0.2578587559184
"2018-2020",95,"U",0.266007242854998
"2018-2020",96,"M",0.318702550256235
"2018-2020",96,"F",0.282061430744636
"2018-2020",96,"U",0.289487184905229
"2018-2020",97,"M",0.342696510409627
"2018-2020",97,"F",0.305834187182068
"2018-2020",97,"U",0.312540811195564
"2018-2020",98,"M",0.366797274053245
"2018-2020",98,"F",0.329776689542994
"2018-2020",98,"U",0.335728256897749
"2018-2020",99,"M",0.391004841187089
"2018-2020",99,"F",0.353888937827415
"2018-2020",99,"U",0.359049522011785
"2018-2020",100,"M",0.415319211811157
"2018-2020",100,"F",0.37817093203533
"2018-2020",100,"U",0.382504606537672
"2018-2020",101,"M",0.439740385925451
"2018-2020",101,"F",0.402622672166739
"2018-2020",101,"U",0.40609351047541
"2018-2020",102,"M",0.464268363529971
"2018-2020",102,"F",0.427244158221642
"2018-2020",102,"U",0.429816233824998
"2018-2020",103,"M",0.488903144624716
"2018-2020",103,"F",0.45203539020004
"2018-2020",103,"U",0.453672776586438
"2018-2020",104,"M",0.513644729209686
"2018-2020",104,"F",0.476996368101932
"2018-2020",104,"U",0.477663138759728
"2018-2020",105,"M",0.538493117284882
"2018-2020",105,"F",0.502127091927319
"2018-2020",105,"U",0.501787320344869
"2018-2020",106,"M",0.563448308850304
"2018-2020",106,"F",0.527427561676199
"2018-2020",106,"U",0.52604532134186
"2018-2020",107,"M",0.58851030390595
"2018-2020",107,"F",0.552897777348574
"2018-2020",107,"U",0.550437141750702
"2018-2020",108,"M",NA
"2018-2020",108,"F",0.578537738944443
"2018-2020",108,"U",0.574962781571396
"2018-2020",109,"M",NA
"2018-2020",109,"F",0.604347446463807
"2018-2020",109,"U",0.599622240803939
"2018-2020",110,"M",NA
"2018-2020",110,"F",0.630326899906665
"2018-2020",110,"U",0.624415519448334
"2018-2020",111,"M",NA
"2018-2020",111,"F",0.656476099273017
"2018-2020",111,"U",0.649342617504579
"2017-2019",0,"M",0.00311394943790574
"2017-2019",0,"F",0.00258185845996924
"2017-2019",0,"U",0.00285526111885945
"2017-2019",1,"M",0.000264467973672408
"2017-2019",1,"F",0.000199881757354868
"2017-2019",1,"U",0.000233214388599793
"2017-2019",2,"M",0.000188978955680685
"2017-2019",2,"F",0.000137553692160302
"2017-2019",2,"U",0.000163997245116311
"2017-2019",3,"M",0.00014108270856273
"2017-2019",3,"F",0.000101408691158462
"2017-2019",3,"U",0.00012180232399466
"2017-2019",4,"M",0.000113311416196638
"2017-2019",4,"F",8.36477294524909e-05
"2017-2019",4,"U",9.89488425721647e-05
"2017-2019",5,"M",9.81972624596356e-05
"2017-2019",5,"F",7.64717821450855e-05
"2017-2019",5,"U",8.77560181850957e-05
"2017-2019",6,"M",8.82726488585801e-05
"2017-2019",6,"F",7.20820529446024e-05
"2017-2019",6,"U",8.05432930391017e-05
"2017-2019",7,"M",7.80844438537342e-05
"2017-2019",7,"F",6.47958406751539e-05
"2017-2019",7,"U",7.17116102273928e-05
"2017-2019",8,"M",6.9117751838354e-05
"2017-2019",8,"F",5.62187082538586e-05
"2017-2019",8,"U",6.28310273460266e-05
"2017-2019",9,"M",6.43503021311983e-05
"2017-2019",9,"F",4.95241451926194e-05
"2017-2019",9,"U",5.70138958956027e-05
"2017-2019",10,"M",6.67598240543855e-05
"2017-2019",10,"F",4.78856410055429e-05
"2017-2019",10,"U",5.73725673798467e-05
"2017-2019",11,"M",7.9323263286152e-05
"2017-2019",11,"F",5.44754417864607e-05
"2017-2019",11,"U",6.70183762892342e-05
"2017-2019",12,"M",0.000103977681657539
"2017-2019",12,"F",7.08157837441729e-05
"2017-2019",12,"U",8.77130904264538e-05
"2017-2019",13,"M",0.000139570267511995
"2017-2019",13,"F",9.35261230832106e-05
"2017-2019",13,"U",0.000117208423681587
"2017-2019",14,"M",0.000184376939178503
"2017-2019",14,"F",0.000118319467482691
"2017-2019",14,"U",0.000152514692731133
"2017-2019",15,"M",0.000236673614975749
"2017-2019",15,"F",0.000140908824613057
"2017-2019",15,"U",0.000190642214242628
"2017-2019",16,"M",0.000294734396150763
"2017-2019",16,"F",0.000157011385001019
"2017-2019",16,"U",0.000228602388838039
"2017-2019",17,"M",0.000356021825104425
"2017-2019",17,"F",0.000164212525884704
"2017-2019",17,"U",0.000263890742453489
"2017-2019",18,"M",0.00041591210739821
"2017-2019",18,"F",0.000164900315944956
"2017-2019",18,"U",0.000295247379242502
"2017-2019",19,"M",0.000469450808527789
"2017-2019",19,"F",0.000162223948447041
"2017-2019",19,"U",0.000321609642575482
"2017-2019",20,"M",0.000511683493985133
"2017-2019",20,"F",0.000159332616653431
"2017-2019",20,"U",0.000341914875819675
"2017-2019",21,"M",0.000537670802633834
"2017-2019",21,"F",0.000159370097302857
"2017-2019",21,"U",0.000355105723387188
"2017-2019",22,"M",0.000545668928362054
"2017-2019",22,"F",0.000164331864431488
"2017-2019",22,"U",0.000361248651325179
"2017-2019",23,"M",0.000541063770362593
"2017-2019",23,"F",0.000173651377073613
"2017-2019",23,"U",0.000362917520170997
"2017-2019",24,"M",0.000530205923684128
"2017-2019",24,"F",0.000186415436843186
"2017-2019",24,"U",0.000363025457370134
"2017-2019",25,"M",0.000519445983375692
"2017-2019",25,"F",0.000201710845354495
"2017-2019",25,"U",0.000364485590368401
"2017-2019",26,"M",0.000515114540373907
"2017-2019",26,"F",0.000218625231738022
"2017-2019",26,"U",0.000370200629890262
"2017-2019",27,"M",0.00052112168806925
"2017-2019",27,"F",0.000236346354629107
"2017-2019",27,"U",0.000381812863420781
"2017-2019",28,"M",0.000536676553542969
"2017-2019",28,"F",0.000254256439056427
"2017-2019",28,"U",0.000398516649012666
"2017-2019",29,"M",0.000560448152853775
"2017-2019",29,"F",0.000271760052996114
"2017-2019",29,"U",0.000419225093252091
"2017-2019",30,"M",0.000591105502060147
"2017-2019",30,"F",0.000288261764424108
"2017-2019",30,"U",0.000442851302725027
"2017-2019",31,"M",0.000627315969626455
"2017-2019",31,"F",0.000303183098264325
"2017-2019",31,"U",0.000468317051466757
"2017-2019",32,"M",0.000667619449052161
"2017-2019",32,"F",0.000317257544786116
"2017-2019",32,"U",0.000495214717274025
"2017-2019",33,"M",0.000710339754922508
"2017-2019",33,"F",0.000333442466583941
"2017-2019",33,"U",0.000524273397866267
"2017-2019",34,"M",0.000753779771275823
"2017-2019",34,"F",0.000354910642295265
"2017-2019",34,"U",0.000556332299670733
"2017-2019",35,"M",0.000796242382150351
"2017-2019",35,"F",0.000384834850557511
"2017-2019",35,"U",0.000592230629114588
"2017-2019",36,"M",0.000836095565658715
"2017-2019",36,"F",0.000426333695476037
"2017-2019",36,"U",0.000632811121154516
"2017-2019",37,"M",0.000875182336651266
"2017-2019",37,"F",0.000479633682461084
"2017-2019",37,"U",0.000679104880740863
"2017-2019",38,"M",0.000920498010364847
"2017-2019",38,"F",0.000540673315858694
"2017-2019",38,"U",0.000732422301609256
"2017-2019",39,"M",0.000979454845715515
"2017-2019",39,"F",0.000605044098713158
"2017-2019",39,"U",0.000794096378602416
"2017-2019",40,"M",0.00105946510161946
"2017-2019",40,"F",0.000668337534068964
"2017-2019",40,"U",0.000865460106563272
"2017-2019",41,"M",0.00116775575230093
"2017-2019",41,"F",0.000726260268431704
"2017-2019",41,"U",0.000947816530878132
"2017-2019",42,"M",0.00130435082958238
"2017-2019",42,"F",0.000778995150357933
"2017-2019",42,"U",0.0010413044118069
"2017-2019",43,"M",0.00145991748833899
"2017-2019",43,"F",0.0008325397731899
"2017-2019",43,"U",0.00114455006204902
"2017-2019",44,"M",0.0016244975476111
"2017-2019",44,"F",0.000893280339451679
"2017-2019",44,"U",0.0012560787148884
"2017-2019",45,"M",0.0017881328264389
"2017-2019",45,"F",0.000967603051667261
"2017-2019",45,"U",0.00137441560360881
"2017-2019",46,"M",0.00194134376182822
"2017-2019",46,"F",0.00106175894565064
"2017-2019",46,"U",0.00149824834084912
"2017-2019",47,"M",0.00208874868322153
"2017-2019",47,"F",0.00117801766523553
"2017-2019",47,"U",0.0016310474911016
"2017-2019",48,"M",0.00225102949451347
"2017-2019",48,"F",0.0013141123331542
"2017-2019",48,"U",0.00178173346205526
"2017-2019",49,"M",0.0024497419548982
"2017-2019",49,"F",0.00146752928628144
"2017-2019",49,"U",0.00195952313180047
"2017-2019",50,"M",0.00270644182356919
"2017-2019",50,"F",0.00163575486149161
"2017-2019",50,"U",0.002173633378427
"2017-2019",51,"M",0.00304190050008916
"2017-2019",51,"F",0.00181637310041835
"2017-2019",51,"U",0.00243294237027571
"2017-2019",52,"M",0.00345884911249181
"2017-2019",52,"F",0.00200921525414202
"2017-2019",52,"U",0.00273853795144154
"2017-2019",53,"M",0.0039419785172837
"2017-2019",53,"F",0.00221635978319139
"2017-2019",53,"U",0.00308371764177538
"2017-2019",54,"M",0.00447519521133911
"2017-2019",54,"F",0.00243998285285327
"2017-2019",54,"U",0.00346144025137775
"2017-2019",55,"M",0.00504240569153276
"2017-2019",55,"F",0.00268226062841481
"2017-2019",55,"U",0.00386466459034959
"2017-2019",56,"M",0.00562838318135772
"2017-2019",56,"F",0.00294545269634364
"2017-2019",56,"U",0.00428680567464882
"2017-2019",57,"M",0.006233833436374
"2017-2019",57,"F",0.00323335212622552
"2017-2019",57,"U",0.00472966468756027
"2017-2019",58,"M",0.00687344509770495
"2017-2019",58,"F",0.00355109782011448
"2017-2019",58,"U",0.0052024027735824
"2017-2019",59,"M",0.00756238152000069
"2017-2019",59,"F",0.00390387437055288
"2017-2019",59,"U",0.00571443094503425
"2017-2019",60,"M",0.00831580605791205
"2017-2019",60,"F",0.00429686637008365
"2017-2019",60,"U",0.0062751602142356
"2017-2019",61,"M",0.00914855125207859
"2017-2019",61,"F",0.00473531810428733
"2017-2019",61,"U",0.00689393507064336
"2017-2019",62,"M",0.0100704996853485
"2017-2019",62,"F",0.00522536704346114
"2017-2019",62,"U",0.00757910462459047
"2017-2019",63,"M",0.01108772345326
"2017-2019",63,"F",0.00577383823326548
"2017-2019",63,"U",0.00833825174158863
"2017-2019",64,"M",0.0122061966323855
"2017-2019",64,"F",0.00638757440618706
"2017-2019",64,"U",0.00917893957667213
"2017-2019",65,"M",0.0134318932992968
"2017-2019",65,"F",0.0070734182947124
"2017-2019",65,"U",0.010108731284875
"2017-2019",66,"M",0.0147710074182223
"2017-2019",66,"F",0.00783791965449105
"2017-2019",66,"U",0.0111349299368704
"2017-2019",67,"M",0.0162324501723122
"2017-2019",67,"F",0.00868400783691833
"2017-2019",67,"U",0.0122616246614491
"2017-2019",68,"M",0.0178269654087455
"2017-2019",68,"F",0.00961217036414062
"2017-2019",68,"U",0.013490736902044
"2017-2019",69,"M",0.0195653313039977
"2017-2019",69,"F",0.0106228490181784
"2017-2019",69,"U",0.0148241474972007
"2017-2019",70,"M",0.0214583260345444
"2017-2019",70,"F",0.0117164855810524
"2017-2019",70,"U",0.0162637372854649
"2017-2019",71,"M",0.0235133106685138
"2017-2019",71,"F",0.0128934114269883
"2017-2019",71,"U",0.0178102021499014
"2017-2019",72,"M",0.0257023693624959
"2017-2019",72,"F",0.0141528181226287
"2017-2019",72,"U",0.0194520049492089
"2017-2019",73,"M",0.0279767747881311
"2017-2019",73,"F",0.0154932248092998
"2017-2019",73,"U",0.0211703917140986
"2017-2019",74,"M",0.0302875306318553
"2017-2019",74,"F",0.0169131419373357
"2017-2019",74,"U",0.0229465151989034
"2017-2019",75,"M",0.0325856405801036
"2017-2019",75,"F",0.0184110799570702
"2017-2019",75,"U",0.0247615281579554
"2017-2019",76,"M",0.0348534751095819
"2017-2019",76,"F",0.0200053260799189
"2017-2019",76,"U",0.0266202443374214
"2017-2019",77,"M",0.0373464119456416
"2017-2019",77,"F",0.0218862985859682
"2017-2019",77,"U",0.0287334157457253
"2017-2019",78,"M",0.0404603985033634
"2017-2019",78,"F",0.0243330449438547
"2017-2019",78,"U",0.0314178306880282
"2017-2019",79,"M",0.044592543930801
"2017-2019",79,"F",0.0276253450948481
"2017-2019",79,"U",0.0349911538025227
"2017-2019",80,"M",0.0501399573760072
"2017-2019",80,"F",0.0320429789802172
"2017-2019",80,"U",0.0397710497274001
"2017-2019",81,"M",0.0574357581756202
"2017-2019",81,"F",0.037826217302676
"2017-2019",81,"U",0.0460268370885308
"2017-2019",82,"M",0.0663401409662859
"2017-2019",82,"F",0.0449233327987379
"2017-2019",82,"U",0.0536705272644663
"2017-2019",83,"M",0.0765013341343362
"2017-2019",83,"F",0.0531517238522009
"2017-2019",83,"U",0.0624539854679412
"2017-2019",84,"M",0.0875665662252999
"2017-2019",84,"F",0.0623281715150105
"2017-2019",84,"U",0.0721283215052477
"2017-2019",85,"M",0.0991830657847059
"2017-2019",85,"F",0.0722694568391123
"2017-2019",85,"U",0.0824446451826777
"2017-2019",86,"M",0.111096680644553
"2017-2019",86,"F",0.0828718564262662
"2017-2019",86,"U",0.0932409528784202
"2017-2019",87,"M",0.123675545732267
"2017-2019",87,"F",0.0945332633121391
"2017-2019",87,"U",0.10490349470878
"2017-2019",88,"M",0.13752985784695
"2017-2019",88,"F",0.107846693030914
"2017-2019",88,"U",0.11803178461471
"2017-2019",89,"M",0.153270355762207
"2017-2019",89,"F",0.123405597994413
"2017-2019",89,"U",0.133225814033082
"2017-2019",90,"M",0.171507778251643
"2017-2019",90,"F",0.14180343061446
"2017-2019",90,"U",0.151085574400768
"2017-2019",91,"M",0.19265278920371
"2017-2019",91,"F",0.163380538332512
"2017-2019",91,"U",0.171975201186665
"2017-2019",92,"M",0.216033891639711
"2017-2019",92,"F",0.187108279703679
"2017-2019",92,"U",0.19498313701781
"2017-2019",93,"M",0.240615391910719
"2017-2019",93,"F",0.211497285854164
"2017-2019",93,"U",0.218768495482149
"2017-2019",94,"M",0.265361321916663
"2017-2019",94,"F",0.235057840715422
"2017-2019",94,"U",0.24199006663406
"2017-2019",95,"M",0.28923571355747
"2017-2019",95,"F",0.256300228218906
"2017-2019",95,"U",0.263306640527924
"2017-2019",96,"M",0.315553527527797
"2017-2019",96,"F",0.279991366186587
"2017-2019",96,"U",0.287009927222941
"2017-2019",97,"M",0.342035751629406
"2017-2019",97,"F",0.302854028065415
"2017-2019",97,"U",0.310149403495991
"2017-2019",98,"M",0.369200340506854
"2017-2019",98,"F",0.325633034690226
"2017-2019",98,"U",0.333395639655572
"2017-2019",99,"M",0.39704729416014
"2017-2019",99,"F",0.34832838606102
"2017-2019",99,"U",0.356748635701685
"2017-2019",100,"M",0.425576612589263
"2017-2019",100,"F",0.370940082177796
"2017-2019",100,"U",0.38020839163433
"2017-2019",101,"M",0.454788295794225
"2017-2019",101,"F",0.393468123040554
"2017-2019",101,"U",0.403774907453506
"2017-2019",102,"M",0.484682343775025
"2017-2019",102,"F",0.415912508649295
"2017-2019",102,"U",0.427448183159214
"2017-2019",103,"M",0.515258756531663
"2017-2019",103,"F",0.438273239004018
"2017-2019",103,"U",0.451228218751453
"2017-2019",104,"M",0.54651753406414
"2017-2019",104,"F",0.460550314104724
"2017-2019",104,"U",0.475115014230224
"2017-2019",105,"M",0.578458676372454
"2017-2019",105,"F",0.482743733951412
"2017-2019",105,"U",0.499108569595527
"2017-2019",106,"M",0.611082183456607
"2017-2019",106,"F",0.504853498544082
"2017-2019",106,"U",0.523208884847361
"2017-2019",107,"M",NA
"2017-2019",107,"F",0.526879607882735
"2017-2019",107,"U",0.547415959985727
"2017-2019",108,"M",NA
"2017-2019",108,"F",0.548822061967371
"2017-2019",108,"U",0.571729795010624
"2017-2019",109,"M",NA
"2017-2019",109,"F",0.570680860797989
"2017-2019",109,"U",0.596150389922053
"2017-2019",110,"M",NA
"2017-2019",110,"F",0.592456004374589
"2017-2019",110,"U",0.620677744720014
"2017-2019",111,"M",NA
"2017-2019",111,"F",0.614147492697172
"2017-2019",111,"U",0.645311859404507
"2016-2018",0,"M",0.00313199105145414
"2016-2018",0,"F",0.00265103398215286
"2016-2018",0,"U",0.0028982951430554
"2016-2018",1,"M",0.000262335430215222
"2016-2018",1,"F",0.000191892173193435
"2016-2018",1,"U",0.000228269312344918
"2016-2018",2,"M",0.000182729500848257
"2016-2018",2,"F",0.000111396531187504
"2016-2018",2,"U",0.000148122514422758
"2016-2018",3,"M",0.00013228632645515
"2016-2018",3,"F",7.68901482230989e-05
"2016-2018",3,"U",0.000105403040465616
"2016-2018",4,"M",0.00010334160771794
"2016-2018",4,"F",7.24773160187941e-05
"2016-2018",4,"U",8.84060603245428e-05
"2016-2018",5,"M",8.82310453186253e-05
"2016-2018",5,"F",8.2262326292677e-05
"2016-2018",5,"U",8.54267438496829e-05
"2016-2018",6,"M",7.92905464751825e-05
"2016-2018",6,"F",9.03499539102335e-05
"2016-2018",6,"U",8.47606034104609e-05
"2016-2018",7,"M",7.07678032116523e-05
"2016-2018",7,"F",8.53173705906387e-05
"2016-2018",7,"U",7.78737472755538e-05
"2016-2018",8,"M",6.34950851828302e-05
"2016-2018",8,"F",7.114559692706e-05
"2016-2018",8,"U",6.71524640316273e-05
"2016-2018",9,"M",5.97212043455897e-05
"2016-2018",9,"F",5.5129488459487e-05
"2016-2018",9,"U",5.73323041595246e-05
"2016-2018",10,"M",6.16949726590025e-05
"2016-2018",10,"F",4.45639007299229e-05
"2016-2018",10,"U",5.31488181428426e-05
"2016-2018",11,"M",7.16648684273898e-05
"2016-2018",11,"F",4.67412796481301e-05
"2016-2018",11,"U",5.93362055160163e-05
"2016-2018",12,"M",9.14366202241822e-05
"2016-2018",12,"F",6.57564975175253e-05
"2016-2018",12,"U",7.88359657835795e-05
"2016-2018",13,"M",0.000121500385944801
"2016-2018",13,"F",9.62032715462667e-05
"2016-2018",13,"U",0.000109262834090417
"2016-2018",14,"M",0.000162103094743321
"2016-2018",14,"F",0.000130918701649682
"2016-2018",14,"U",0.000147246708874631
"2016-2018",15,"M",0.000213491675764613
"2016-2018",15,"F",0.000162739887735437
"2016-2018",15,"U",0.000189417488565941
"2016-2018",16,"M",0.000275908216241025
"2016-2018",16,"F",0.000184510606814891
"2016-2018",16,"U",0.000232405804492959
"2016-2018",17,"M",0.000347432261274142
"2016-2018",17,"F",0.000192056827722896
"2016-2018",17,"U",0.0002731696215487
"2016-2018",18,"M",0.00042058394235034
"2016-2018",18,"F",0.000188871069470797
"2016-2018",18,"U",0.000309508406218524
"2016-2018",19,"M",0.000487002341994508
"2016-2018",19,"F",0.000179660836431147
"2016-2018",19,"U",0.000339354985120812
"2016-2018",20,"M",0.000538326542727415
"2016-2018",20,"F",0.000169133632973849
"2016-2018",20,"U",0.000360642184872017
"2016-2018",21,"M",0.00056622027797685
"2016-2018",21,"F",0.000161989142672934
"2016-2018",21,"U",0.000371311916858951
"2016-2018",22,"M",0.00056757327366109
"2016-2018",22,"F",0.000161269040610717
"2016-2018",22,"U",0.000371232064240466
"2016-2018",23,"M",0.000550935135160584
"2016-2018",23,"F",0.000166315765934128
"2016-2018",23,"U",0.000364567607563239
"2016-2018",24,"M",0.00052643312596526
"2016-2018",24,"F",0.000175971226924056
"2016-2018",24,"U",0.000356064952813676
"2016-2018",25,"M",0.000504194509565489
"2016-2018",25,"F",0.00018907733186168
"2016-2018",25,"U",0.000350470505978474
"2016-2018",26,"M",0.000494308866920818
"2016-2018",26,"F",0.000204478275869557
"2016-2018",26,"U",0.000352511861112778
"2016-2018",27,"M",0.000502306192811589
"2016-2018",27,"F",0.000221294961915028
"2016-2018",27,"U",0.000364640368593005
"2016-2018",28,"M",0.000524861087372207
"2016-2018",28,"F",0.000239185700762812
"2016-2018",28,"U",0.000384886574956333
"2016-2018",29,"M",0.000557630722416194
"2016-2018",29,"F",0.000257870547903436
"2016-2018",29,"U",0.000410773104596809
"2016-2018",30,"M",0.000596272269756871
"2016-2018",30,"F",0.000277069558827225
"2016-2018",30,"U",0.000439822581908307
"2016-2018",31,"M",0.00063646226093086
"2016-2018",31,"F",0.000296513878968683
"2016-2018",31,"U",0.000469574183974559
"2016-2018",32,"M",0.000675375096438031
"2016-2018",32,"F",0.000316792686850277
"2016-2018",32,"U",0.000498847775621872
"2016-2018",33,"M",0.000712724168639428
"2016-2018",33,"F",0.00033994958663517
"2016-2018",33,"U",0.000528634076293952
"2016-2018",34,"M",0.000748468810085029
"2016-2018",34,"F",0.000368169065851588
"2016-2018",34,"U",0.000560134085901742
"2016-2018",35,"M",0.000782568353324744
"2016-2018",35,"F",0.000403635612027643
"2016-2018",35,"U",0.000594548804356141
"2016-2018",36,"M",0.000815037284513907
"2016-2018",36,"F",0.000448487178596972
"2016-2018",36,"U",0.000633081169885571
"2016-2018",37,"M",0.000848834456199855
"2016-2018",37,"F",0.000502377503830156
"2016-2018",37,"U",0.000677037597502358
"2016-2018",38,"M",0.000891284217252588
"2016-2018",38,"F",0.00056127707781515
"2016-2018",38,"U",0.000727877923178405
"2016-2018",39,"M",0.000950064189053707
"2016-2018",39,"F",0.000620858328233871
"2016-2018",39,"U",0.000787074398291228
"2016-2018",40,"M",0.00103285199298493
"2016-2018",40,"F",0.000676793682768435
"2016-2018",40,"U",0.000856099274218492
"2016-2018",41,"M",0.00114712466015144
"2016-2018",41,"F",0.000724895826042143
"2016-2018",41,"U",0.000936401455967934
"2016-2018",42,"M",0.00129256127465217
"2016-2018",42,"F",0.000766429931267015
"2016-2018",42,"U",0.00102852225841646
"2016-2018",43,"M",0.00145871111161263
"2016-2018",43,"F",0.000809744147184421
"2016-2018",43,"U",0.00113182400475902
"2016-2018",44,"M",0.00163444645397522
"2016-2018",44,"F",0.00086365998971276
"2016-2018",44,"U",0.00124559022419261
"2016-2018",45,"M",0.00180863958468205
"2016-2018",45,"F",0.000936998974770331
"2016-2018",45,"U",0.00136910444591409
"2016-2018",46,"M",0.00197067420315414
"2016-2018",46,"F",0.00103835400339733
"2016-2018",46,"U",0.00150177464867476
"2016-2018",47,"M",0.00212499799517464
"2016-2018",47,"F",0.00116958402976313
"2016-2018",47,"U",0.00164667452492951
"2016-2018",48,"M",0.00229322301826282
"2016-2018",48,"F",0.001324875140803
"2016-2018",48,"U",0.001811054594645
"2016-2018",49,"M",0.00249789506839378
"2016-2018",49,"F",0.0014979960209805
"2016-2018",49,"U",0.00200239259638561
"2016-2018",50,"M",0.0027615599415419
"2016-2018",50,"F",0.00168271535475865
"2016-2018",50,"U",0.00222816626871516
"2016-2018",51,"M",0.00310599943685883
"2016-2018",51,"F",0.00187306981696656
"2016-2018",51,"U",0.00249563207693232
"2016-2018",52,"M",0.00353542342655163
"2016-2018",52,"F",0.0020692598608364
"2016-2018",52,"U",0.00280695720121868
"2016-2018",53,"M",0.00403646985588466
"2016-2018",53,"F",0.00227764971800486
"2016-2018",53,"U",0.00315921953664031
"2016-2018",54,"M",0.004595012673298
"2016-2018",54,"F",0.00250487161047349
"2016-2018",54,"U",0.00354927570499679
"2016-2018",55,"M",0.00519692582723215
"2016-2018",55,"F",0.00275755776024419
"2016-2018",55,"U",0.00397398232808808
"2016-2018",56,"M",0.00582866205943687
"2016-2018",56,"F",0.00304203288503503
"2016-2018",56,"U",0.00443025954540344
"2016-2018",57,"M",0.00648731373292961
"2016-2018",57,"F",0.00335896902990814
"2016-2018",57,"U",0.00491619510523044
"2016-2018",58,"M",0.00717931087319076
"2016-2018",58,"F",0.00370407727863333
"2016-2018",58,"U",0.00543090148564503
"2016-2018",59,"M",0.00791140051570977
"2016-2018",59,"F",0.00407290029227318
"2016-2018",59,"U",0.00597352595390039
"2016-2018",60,"M",0.00869032969597672
"2016-2018",60,"F",0.00446098073189079
"2016-2018",60,"U",0.00654321577725037
"2016-2018",61,"M",0.00952336448693273
"2016-2018",61,"F",0.00486502252416467
"2016-2018",61,"U",0.00714016419566715
"2016-2018",62,"M",0.0104255372996836
"2016-2018",62,"F",0.00529910557017229
"2016-2018",62,"U",0.00778021530017551
"2016-2018",63,"M",0.0114178590878328
"2016-2018",63,"F",0.00579068583049105
"2016-2018",63,"U",0.00849126123793183
"2016-2018",64,"M",0.0125214945938586
"2016-2018",64,"F",0.00636756334439961
"2016-2018",64,"U",0.0093015040739354
"2016-2018",65,"M",0.0137576085602389
"2016-2018",65,"F",0.00705753815117629
"2016-2018",65,"U",0.0102391458731852
"2016-2018",66,"M",0.0151453890924172
"2016-2018",66,"F",0.00788511976610244
"2016-2018",66,"U",0.0113291751037109
"2016-2018",67,"M",0.016679598388302
"2016-2018",67,"F",0.00883415569444724
"2016-2018",67,"U",0.0125568688343039
"2016-2018",68,"M",0.0183385242713186
"2016-2018",68,"F",0.00986106841421127
"2016-2018",68,"U",0.013880720258422
"2016-2018",69,"M",0.0201001459683952
"2016-2018",69,"F",0.010921766680258
"2016-2018",69,"U",0.0152587208563862
"2016-2018",70,"M",0.0219424427064599
"2016-2018",70,"F",0.0119721592474509
"2016-2018",70,"U",0.0166488621085176
"2016-2018",71,"M",0.0238458225987761
"2016-2018",71,"F",0.0129762648324496
"2016-2018",71,"U",0.0180158970621163
"2016-2018",72,"M",0.0258157686463998
"2016-2018",72,"F",0.0139818262764592
"2016-2018",72,"U",0.0193943825798549
"2016-2018",73,"M",0.0278725566887369
"2016-2018",73,"F",0.0150859791617682
"2016-2018",73,"U",0.020860056030001
"2016-2018",74,"M",0.0300366537603282
"2016-2018",74,"F",0.0163864974641594
"2016-2018",74,"U",0.0224891870324507
"2016-2018",75,"M",0.0323285268957135
"2016-2018",75,"F",0.017981155159415
"2016-2018",75,"U",0.0243580452070994
"2016-2018",76,"M",0.0347882985743996
"2016-2018",76,"F",0.0199676082600222
"2016-2018",76,"U",0.0265482930966766
"2016-2018",77,"M",0.0376271664450394
"2016-2018",77,"F",0.0224424860608942
"2016-2018",77,"U",0.0291885316463487
"2016-2018",78,"M",0.0411444136689113
"2016-2018",78,"F",0.0255018892066191
"2016-2018",78,"U",0.0324315300850911
"2016-2018",79,"M",0.0456400513867373
"2016-2018",79,"F",0.0292419139727745
"2016-2018",79,"U",0.0364302573797619
"2016-2018",80,"M",0.0514140907392381
"2016-2018",80,"F",0.0337586566349372
"2016-2018",80,"U",0.0413376824972185
"2016-2018",81,"M",0.058718810400344
"2016-2018",81,"F",0.0391485095938754
"2016-2018",81,"U",0.0472927627256713
"2016-2018",82,"M",0.0674537162816034
"2016-2018",82,"F",0.0455100538005941
"2016-2018",82,"U",0.0543309002908227
"2016-2018",83,"M",0.0773602004983178
"2016-2018",83,"F",0.0529428511207924
"2016-2018",83,"U",0.0624410837328536
"2016-2018",84,"M",0.0881789093459949
"2016-2018",84,"F",0.0615464680471258
"2016-2018",84,"U",0.0716120826594664
"2016-2018",85,"M",0.0996504891201428
"2016-2018",85,"F",0.0714204710722496
"2016-2018",85,"U",0.0818326666783636
"2016-2018",86,"M",0.111590033913408
"2016-2018",86,"F",0.0826662978667637
"2016-2018",86,"U",0.0931130895894314
"2016-2018",87,"M",0.124282402963788
"2016-2018",87,"F",0.0953971932226728
"2016-2018",87,"U",0.105599170314049
"2016-2018",88,"M",0.138195188256215
"2016-2018",88,"F",0.109730994754052
"2016-2018",88,"U",0.119489460904787
"2016-2018",89,"M",0.153796390912713
"2016-2018",89,"F",0.125785550358268
"2016-2018",89,"U",0.134982631483256
"2016-2018",90,"M",0.171554012055303
"2016-2018",90,"F",0.143678707932686
"2016-2018",90,"U",0.152277352171066
"2016-2018",91,"M",0.191810712831292
"2016-2018",91,"F",0.163451039922374
"2016-2018",91,"U",0.171492640907608
"2016-2018",92,"M",0.214231218146129
"2016-2018",92,"F",0.184725152917241
"2016-2018",92,"U",0.192316694569871
"2016-2018",93,"M",0.238252096325771
"2016-2018",93,"F",0.206982988863574
"2016-2018",93,"U",0.21429271902551
"2016-2018",94,"M",0.263309743762052
"2016-2018",94,"F",0.229706383705671
"2016-2018",94,"U",0.236963810879925
"2016-2018",95,"M",0.288840556846806
"2016-2018",95,"F",0.252377173387828
"2016-2018",95,"U",0.25987306673852
"2016-2018",96,"M",0.316647981159103
"2016-2018",96,"F",0.2766534298873
"2016-2018",96,"U",0.284482522832882
"2016-2018",97,"M",0.34549216244703
"2016-2018",97,"F",0.301395237710965
"2016-2018",97,"U",0.309787038521574
"2016-2018",98,"M",0.375654884093159
"2016-2018",98,"F",0.326861667529319
"2016-2018",98,"U",0.336015053795228
"2016-2018",99,"M",0.407136146097486
"2016-2018",99,"F",0.353052719342359
"2016-2018",99,"U",0.363166568653841
"2016-2018",100,"M",0.439935948460014
"2016-2018",100,"F",0.379968393150089
"2016-2018",100,"U",0.391241583097414
"2016-2018",101,"M",0.474054291180744
"2016-2018",101,"F",0.407608688952506
"2016-2018",101,"U",0.420240097125947
"2016-2018",102,"M",0.509491174259672
"2016-2018",102,"F",0.435973606749612
"2016-2018",102,"U",0.45016211073944
"2016-2018",103,"M",0.546246597696802
"2016-2018",103,"F",0.465063146541406
"2016-2018",103,"U",0.481007623937893
"2016-2018",104,"M",0.584320561492132
"2016-2018",104,"F",0.494877308327887
"2016-2018",104,"U",0.512776636721305
"2016-2018",105,"M",0.623713065645661
"2016-2018",105,"F",0.525416092109058
"2016-2018",105,"U",0.545469149089678
"2016-2018",106,"M",0.664424110157392
"2016-2018",106,"F",0.556679497884915
"2016-2018",106,"U",0.579085161043011
"2016-2018",107,"M",0.706453695027322
"2016-2018",107,"F",0.588667525655461
"2016-2018",107,"U",0.613624672581304
"2016-2018",108,"M",NA
"2016-2018",108,"F",0.621380175420696
"2016-2018",108,"U",0.649087683704557
"2016-2018",109,"M",NA
"2016-2018",109,"F",0.654817447180618
"2016-2018",109,"U",0.68547419441277
"2016-2018",110,"M",NA
"2016-2018",110,"F",0.688979340935228
"2016-2018",110,"U",0.722784204705943
"2016-2018",111,"M",NA
"2016-2018",111,"F",0.723865856684528
"2016-2018",111,"U",0.761017714584076
